:020000040800F2
:1000000000200020E5710008356F0008376F0008F8
:1000100000000000000000000000000000000000E0
:10002000000000000000000000000000396F000820
:1000300000000000000000003B6F00083D6F00085A
:1000400035720008000000003572000835720008A3
:1000500035720008357200083572000835720008E4
:100060000000000035720008357200083572000883
:100070003572000835720008357200080000000073
:10008000796F0008000000000000000035720008D1
:10009000000000003572000835720008896F000802
:1000A0003572000835720008357200083572000894
:0800B000A96F00080000000028
:1000B80010B5064C2378002B07D1054B002B02D036
:1000C800044800E000BF0123237010BD9800002001
:1000D80000000000B4B10008044B10B5002B03D099
:1000E8000349044800E000BF10BDC04600000000FE
:1000F8009C000020B4B1000802B4714649084900C8
:10010800095C49008E4402BC7047C046002243087F
:100118008B4274D303098B425FD3030A8B4244D3C7
:10012800030B8B4228D3030C8B420DD3FF22090209
:1001380012BA030C8B4202D31212090265D0030BC8
:100148008B4219D300E0090AC30B8B4201D3CB03BE
:10015800C01A5241830B8B4201D38B03C01A524100
:10016800430B8B4201D34B03C01A5241030B8B4202
:1001780001D30B03C01A5241C30A8B4201D3CB02ED
:10018800C01A5241830A8B4201D38B02C01A5241D2
:10019800430A8B4201D34B02C01A5241030A8B42D5
:1001A80001D30B02C01A5241CDD2C3098B4201D3ED
:1001B800CB01C01A524183098B4201D38B01C01A6B
:1001C800524143098B4201D34B01C01A52410309E2
:1001D8008B4201D30B01C01A5241C3088B4201D391
:1001E800CB00C01A524183088B4201D38B00C01A3E
:1001F800524143088B4201D34B00C01A5241411A65
:1002080000D20146524110467047FFE701B5002071
:1002180000F0F0F802BDC0460029F7D076E7704735
:1002280003460B437FD4002243088B4274D303094F
:100238008B425FD3030A8B4244D3030B8B4228D3F0
:10024800030C8B420DD3FF22090212BA030C8B4216
:1002580002D31212090265D0030B8B4219D300E0B6
:10026800090AC30B8B4201D3CB03C01A5241830B3B
:100278008B4201D38B03C01A5241430B8B4201D3EB
:100288004B03C01A5241030B8B4201D30B03C01A14
:100298005241C30A8B4201D3CB02C01A5241830A8E
:1002A8008B4201D38B02C01A5241430A8B4201D3BD
:1002B8004B02C01A5241030A8B4201D30B02C01AE7
:1002C8005241CDD2C3098B4201D3CB01C01A52414E
:1002D80083098B4201D38B01C01A524143098B42D7
:1002E80001D34B01C01A524103098B4201D30B01C0
:1002F800C01A5241C3088B4201D3CB00C01A5241E5
:1003080083088B4201D38B00C01A524143088B42A9
:1003180001D34B00C01A5241411A00D20146524142
:10032800104670475DE0CA0F00D04942031000D361
:100338004042534000229C4603098B422DD3030AB6
:100348008B4212D3FC22890112BA030A8B420CD3C6
:10035800890192118B4208D3890192118B4204D3EF
:1003680089013AD0921100E08909C3098B4201D36F
:10037800CB01C01A524183098B4201D38B01C01AA9
:10038800524143098B4201D34B01C01A5241030920
:100398008B4201D30B01C01A5241C3088B4201D3CF
:1003A800CB00C01A524183088B4201D38B00C01A7C
:1003B8005241D9D243088B4201D34B00C01A524153
:1003C800411A00D20146634652415B10104601D3E0
:1003D8004042002B00D54942704763465B1000D36A
:1003E800404201B5002000F005F802BD0029F8D010
:1003F80016E770477047C0468446100062468C4630
:100408001900634600E0C0461FB501F0CDFD002885
:1004180001D40021C8421FBD10B501F00FFD4042B4
:10042800013010BD10B501F0BFFD002801DB002030
:1004380010BD012010BDC04610B501F0B5FD002863
:1004480001DD002010BD012010BDC04610B501F02F
:100458003BFD002801DC002010BD012010BDC04676
:1004680010B501F031FD002801DA002010BD01208F
:1004780010BDC0469E2110B5C905041C02F0B2FE8D
:10048800002803D1201C00F0EBFC10BD9E21201C8D
:10049800C90500F0A3FA00F0E3FC80231B069C4684
:1004A8006044F2E770B500220C4B04000D00FFF722
:1004B800D7FF002804D12000290002F005FD70BDF7
:1004C800064B00222000290002F0A4F802F0FCFCF0
:1004D80080231B069C466044F1E7C0460000E041CB
:1004E80070B50600080002F059FD0022064B01F025
:1004F800C9FD0D000400300002F050FD2B00220061
:1005080000F064FD70BDC0460000F041F0B54646FD
:100518004F46D6464502C0B5C30F470098460E1C45
:100528006D0A3F0E5BD0FF2F21D08023ED00DB0446
:100538001D43002399469A467F3F74027300640A5C
:100548001B0EF60F002B20D0FF2B43D0802200205B
:10055800E400D20414437F3B4246FF1A4B467240E4
:100568000F2B00D99DE071499B00CB589F46002D69
:100578005AD108239946063B74029A467300FF270E
:10058800640A1B0EF60F002BDED1002C3BD1012391
:1005980042464946724019430E2918D864488900D2
:1005A80041588F465346022B00D1B8E0032B6ED03A
:1005B80042462C00012B40D100200024C0052043D6
:1005C800D2071043E0BCBA46B146A846F0BDFF20AA
:1005D8000024F3E7002C20D10223FF3FD8E7002DA9
:1005E80005D104239946033B00279A46A5E728002E
:1005F80002F002FE7627431F9D4000237F42994662
:100608009A463F1A99E7200002F0F6FD431F9C40E6
:1006180076235B421B1A00209EE703234A461A43AF
:1006280091460320FC3397E70C239946093BFF27A3
:100638009A4682E703282CD0320038007F30002801
:1006480047DD630704D00F232340042B00D0043474
:10065800230103D53800374B80301C40FE28B6DC18
:10066800A401640AC0B2A9E780240022FF20E403A1
:10067800A4E78023DB031D4201D01C420BD0802459
:10068800E4032C4364024246FF20640A96E7464688
:100698002C008023DB031C4364023200FF20640A21
:1006A8008CE76D01600185422DD21B230024013F98
:1006B8000126290064006D00002901DB854201D371
:1006C8002D1A3443013B002BF3D16B1E9D412C4363
:1006D800B3E701231B1A1B2B00DD6DE721009E37B2
:1006E800D940BC400B00611E8C412343590704D0FC
:1006F8000F211940042900D00433590113D49B0158
:1007080000205C0A5AE71A2301242D1AD0E7981E04
:1007180043425841404232000024C0B24EE74246AC
:10072800FF2000244AE70120002447E7E0B1000841
:1007380020B20008FFFFFFF7F0B54F464646D64601
:100748004502C0B546000F1C6D0A360EC40F002EB8
:1007580000D1CDE0FF2E72D08023ED00DB041D43D5
:10076800002399469A467F3E7B025B0A98467B00A7
:100778001B0EFF0F002B72D0FF2B00D1A9E07F3B8F
:10078800F6184B460A2B00DD85E043468022DB0045
:10079800D2041A434B4690467C400022022B0FDDC0
:1007A800494601238B40A621C9000B4200D072E0C4
:1007B800902189000B4200D0DAE08821194267D1E4
:1007C800280C42462D042D0C4346290012041B0C0C
:1007D800120C51435D4342435843AD180B0C5B194F
:1007E8009A4203D9802252029446604409041A04AA
:1007F800090C52189501691E8D411B0C920E1B188D
:1008080015439B011D431B0100D5CFE030007F300D
:10081800002800DCB1E06B070BD00F2332002B401F
:10082800042B06D004352B0103D5803210006A4B07
:100838001D40FE2864DCAB015B0AC0B21FE0002D3E
:1008480000D08FE008239946063B9A467B025B0A54
:1008580098467B00FF261B0EFF0F002B8CD14346CA
:10086800002B5CD14A4601331A43914613000A2AE9
:1008780011DC01227C40022B92DC00200023C00501
:100888001843E4072043E0BCBA46B146A846F0BD89
:100898003C00454692465346022B31D0032B11D0DB
:1008A800012BEAD030008030721C002866DD6B070F
:1008B800B9D00F232B40042BB4D1B4E70F2A7AD038
:1008C8003C0045468023DB032B435B02FF205B0A89
:1008D800D5E74346FF36002B34D14A46023313434B
:1008E8000A2BD8DC7C40002A0AD09946022257E716
:1008F800002D08D104239946033B00269A4633E786
:10090800FF200023BBE7280002F076FC7626431F71
:100918009D400023764299469A46361A24E7404677
:1009280002F06AFC4B46361A763E0A2BB3DC434685
:100938000538834098464B4600227C40022B00DD58
:100948002EE73DE703234A461A4313000A2AB5DC7B
:1009580001229A40882113007C400322194200D1C9
:100968002EE795E70C239946093BFF269A46FBE6B6
:1009780080230024FF20DB0381E7320001231B1AB8
:100988001B2B00DD79E79E3229009540D9406A1E6D
:1009980095410D436B0704D00F232B40042B00D047
:1009A80004356B0113D50120002368E701236A0889
:1009B8001D40154376E78023DB031D4282D0424663
:1009C8001A4200D07EE73C00FF20134357E7AB01F3
:1009D80000205B0A53E7C046FFFFFFF7F8B547461C
:1009E800CE464B02460080B5C40F4702580A8446DB
:1009F80048007A0A360EBF09000ECD0F9B09FF2862
:100A08006DD001214D40311AAC423AD0002900DCAA
:100A18009CE1002800D19EE0FF2E00D188E08022D2
:100A2800D20413431B2900DCF6E0013F7A0100D40D
:100A380079E001277F42BF01BB099846404602F092
:100A4800DBFB434605388340864200DCCCE0B44FEC
:100A5800311A1F405A0768D00F221340042B64D064
:100A680004377B0161D5481CFE2900D081E0FF20B6
:100A78000023C0051843E4072043C0BCB946B0466C
:100A8800F8BD002900DC79E1002876D1002B4CD094
:100A9800481E012900D147E1FF2949D01B2871DCF4
:100AA80001001A002020CA40411A8B40591E8B4170
:100AB8001343FF188023DB041F4200D1B8E0711CE8
:100AC800FE2ED4D0012297483A407F0807401743AA
:100AD8007A0700D096E01F42C5D1FA0855E03100E8
:100AE800FF398946002B2CD101214D40AC4200D161
:100AF800B4E0494600294CD0002E00D0F9E0FF218F
:100B0800002F00D108E14A1E012900D156E1FF2932
:100B180000D142E11B2A00DC24E15F1E2C00060004
:100B28007A0100D585E731000437FA08FF292CD16E
:100B3800002A9CD08023DB0313435B02FF205B0A5F
:100B480097E7AC4200D1A7E0002922D0002ED6D0EA
:100B580062462C00EEE7002BE7D0481E012936D06C
:100B6800FF29E5D001005DE701203B007A0100D4B0
:100B780057E1C0B2BB015B0A7BE7FF2ED8D01B2927
:100B880000DC9FE031000537FA0853025B0AC8B25F
:100B98006FE7FE20711C084254D1002E00D0B1E04E
:100BA800002F00D102E1002B00D1F9E08021FA1AD0
:100BB800C9040A4200D13BE10124DF1B2C40002F6D
:100BC80049D001200F42D5D10021FA08DDE7FF1AEC
:100BD8007B0100D4DEE0BD01AD09280002F00CFB6A
:100BE8002B000538834001262022811B0131521A2F
:100BF8001F009340CF405A1E93411F432BD0002122
:100C08007B07B1D00F233B40042B00D028E77B01A2
:100C180000D528E7FA08B8E71A002020CA40411A88
:100C28008B40591E8B411343FF1A7B0100D502E705
:100C38007B0700D10DE10F2331003B40042B00D08E
:100C48000EE772E7FA1A9046520156D44346002B33
:100C580000D0F3E60024002000230AE749460029D3
:100C68001CD0002E00D002E7FF21002F55D04A1ECD
:100C7800012959D0FF2900D190E01B2A00DD91E01D
:100C880011003A002025CA40691A8F40791E8F4109
:100C980017430600FF180DE7002926D1FE20711C16
:100CA800084213D1002E00D096E0002F00D1B4E006
:100CB800002B75D0FB185A0100D4B2E09B015B0AE7
:100CC800FD38D6E68022D2041343EAE6FF2900D194
:100CD800CDE6FA185208530705D00F23171D134005
:100CE800042B00D021E7D2084FE7002EBCD0624683
:100CF80020E72C00FF200023BBE60124DB1B9846DD
:100D08002C409BE6002F75D1002B00D096E0802365
:100D18000024FF20DB03ACE62C001F0005E7C046DB
:100D2800FFFFFFFBFFFFFF7DFB185A0100D48DE09A
:100D38004A4A5B081A40590700D18CE00F210B4042
:100D48000D39042BCFD00221171DEEE6002900D162
:100D58001FE7821B1100002E00D1D1E68021C904B3
:100D68000F43D7E639002024D140A21A97407A1EB3
:100D780097410F432C000600DF1B56E700298DD052
:100D8800811B002E00D170E71B290BDC8022D204C6
:100D9800174376E70121FA08F7E62C006246C7E612
:100DA8000021F2E605330100DA08EEE6002B00D157
:100DB80050E70124002162462C40E6E6DA1B530185
:100DC80032D592019409200002F016FA2300053862
:100DD80083402C00012607E7002FDFD0002B17D017
:100DE8008023DB039A4200D2A4E69C4500D3A1E607
:100DF80062469FE6002B0BD08023DB039A4200D289
:100E080098E69C4500D395E6012462462C4091E67D
:100E18008023DB03FF2013432BE60020002B00D1A7
:100E280027E60021DA08B0E62C000121D208ACE65A
:100E3800002A00D10EE70021D208A6E680236246E8
:100E48000124DB03FF2013432C4012E60121DA08BA
:100E58009BE6310069E60221D20896E6FFFFFF7D96
:100E680041024200C30F490A0020120E7E2A03DD08
:100E78009D2A02DD094A9818704780200004014322
:100E8800952A07DC9620821AD1404842002BF3D1DC
:100E98000800F1E7963A9140F7E7C046FFFFFF7F69
:100EA80070B5002812D0C317C5185D40C40F2800BC
:100EB80002F0A2F99E231B1A962B0FDC082838D0C3
:100EC800083885406D026D0AD8B202E0002400207F
:100ED8000025C0052843E407204370BD992B14DC86
:100EE800421F95402A001549114055071CD00F256F
:100EF8002A40042A18D00431CA08490115D59F236D
:100F08005202181A550AC0B2E3E7020029001B3240
:100F180091404A1E91410522121AD5402A000A43DF
:100F2800064911405507E2D1CA085202550AD8B2FB
:100F3800CFE76D026D0A8E30CBE7C046FFFFFFFB9F
:100F480010B5041E0DD002F057F99E231B1A962BDC
:100F58000CDC082834D0083884406402640AD8B20B
:100F680001E000200024C005204310BD992B13DCAC
:100F7800421F9440144A224061071CD00F2121408F
:100F8800042918D00432D408520115D59F236402CD
:100F9800181A640AC0B2E6E7020021001B32914029
:100FA8000A00511E8A410521091ACC401443064AF9
:100FB80022406107E2D1D4086402640AD8B2D2E7B9
:100FC8006402640A8E30CEE7FFFFFFFBF0B54F46A0
:100FD8004646D646C0B50D0382B0009201934E0036
:100FE800C300CC0F690A450F9C46009A019B0D432C
:100FF8005F001903D80F009B490A5B0F1943009B38
:10100800760D7F0DDA00F31B844258D0002B13DDD8
:10101800002F00D088E00800104300D159E1581E85
:10102800012B00D1C2E2B14FBB4200D141E13828C7
:1010380000DD6AE2030064E1002B00D1B1E0BB1BD4
:10104800002E00D0E1E164462C4300D176E25C1E1C
:10105800012B00D1E8E2A54EB34200D1B7E2382C0B
:1010680000DC6BE3541EA242924152428D1AA04604
:101078001E0004002A0268D443461F1D47459B41B1
:101088005B42ED182B0200D49DE3984A0136964244
:1010980000D1EBE0964A73052A405B0D5107FF0823
:1010A80052020F43120B1B051343E4072343380076
:1010B800190002B0E0BCBA46B146A846F0BD002B04
:1010C80000DCD7E0002F00D09AE00800104300D1E0
:1010D800FFE0581E012B00D148E2844FBB4200D1EB
:1010E800E7E0382800DCB8E280221204154200D17B
:1010F80049E31E000023150098467C4B01369E42AA
:1011080000D1B3E07A4B01211D4043465A081940EB
:10111800EF070A4317436D087B07B3D00F233B4003
:10112800042BAFD0B846A7E77048864200D1C0E08C
:10113800382B00DCE2E001235B4263449C4580419C
:1011480040422D1A98462B0296D501235B429846B9
:10115800684D280002F050F80300083B2021404663
:10116800CA1AD040020040469D4098402A43804613
:10117800B34200DA72E1981B43460130091A45462A
:101188008B40C5405E1EB34117008F402B431F4361
:10119800C2403B00150000261343BDD100270022A2
:1011A80081E7554F731C3B4200D01BE163460F009B
:1011B8002B431743002E00D0C4E1002B00D145E299
:1011C800002F00D107E163469B1A9846C445B641F3
:1011D8006B1A76429B1B80263604334200D1CBE241
:1011E8006346D31A9A4292411F00491B52428A1AF7
:1011F8009C46174300D0EDE204000023002252E78A
:101208003A48864255D0382B00DD48E1802000045A
:1012180001431F2B00DDE3E12027F81A824608006E
:101228005746B840814610004F46D840074338001B
:101238005746BA40D940571EBA416D18104360440A
:101248008046E045804140422D182B0200D554E7E6
:1012580043465B0700D1B9E20F2342461340042BF3
:1012680000D009E733004246D20834E033000022B8
:10127800002718E7002B00D18FE0BB1B002E00D001
:1012880033E16046284300D140E2581E012B00D1CB
:101298000AE2164EB34200D185E2382800DC87E224
:1012A80080252D04294200D19CE21E000023984687
:1012B80023E763466E07D8080643ED0837002F4337
:1012C80011D0802212032A4312033700074B120B56
:1012D800E9E66246D2086E071643044AED089342CF
:1012E800ECD03700D6E0014B0022DCE6FF07000017
:1012F800FFFF7FFFFFFF7F00FE0700008020000444
:1013080001431F2B00DDB1E02027F81A82460800B0
:101318005746B840814610004F46D840074338002A
:101328005746BA40D940571EBA416D1A1043634612
:101338001B1A9C458041984640422D1A2B0287D59E
:101348006D026D0A002D00D003E7404601F054FFFE
:10135800030018331F2B00DC00E7424608388240A0
:101368009E4200DD91E09B1B581C1F2800DCF8E121
:1013780017001F3BDF40202805D040231B1A9A4046
:10138800531E9A411743002F3CD000267B0700D0FC
:10139800C4E63500B846330065E7CB48731C034202
:1013A80000D085E063462B43002E00D092E10F0069
:1013B8001743002B00D1D8E1002F0CD062446245BE
:1013C80080416D1840422D182B0200D5F2E117001C
:1013D80094462F4316D063466F07D8080743002367
:1013E800ED0857E063469B1A9846C445BF416B1AFF
:1013F8007F42DB1B1F0200D5AEE047461D001F439E
:10140800A0D10024002300224DE6B04CA74200D111
:10141800DDE0382B00DD85E08024240425431F2BE4
:1014280000DDECE02026F41AA1462C004E46B4401C
:101438006646DE403443A04666464C46A640DD403C
:10144800741EA6414446491B3443131B9A429241D9
:101458005242984604003E008D1A6FE7F61A0300C0
:101468009B4D15405B0700D0F6E6FBE618000F0021
:101478002038C740202B03D04020C31A99400A4384
:10148800531E9A411000384351E79149F31A0A4014
:101498005707D5082A035B05120B5B0D03E680236B
:1014A8001B041D4200D1BBE01D000023984624E622
:1014B8008648834200D1DAE6624462458041691871
:1014C80040420918C8075208104380464D08520781
:1014D80005D00F221E000240042A00D0CCE5424667
:1014E8006F07D20817430D09D4E77848874200D11F
:1014F800D5E0382B00DCB2E080252D04294200D14C
:101508004CE100233E009846F7E50122524262442E
:101518009445804140422D1A90461E002A0200D56B
:1015280013E6A9E5531E9A42924152428D1A9846F3
:1015380004003E002B0200D507E69DE504000D00DF
:10154800D208C8E6002B00D0E3E0002F3FD180226C
:1015580000245E4B1203A6E56346D31A9A429241D1
:101568004D1B524298460400AD1AEBE66244160041
:10157800664580416A1840421218130200D49DE063
:10158800534973080A40D107194357085B0700D12C
:10159800FEE00F230B40042B00D1F9E00B1D984609
:1015A8008845AD416D420223ED195CE663469B1AFE
:1015B8009C4580416D1A40422D1A98462B020DD445
:1015C80043466F07DB081F43ED08012362E74E0718
:1015D800D20804001643CD0870E604000126AFE6E1
:1015E80018000F002038C740202B03D04020C31A12
:1015F80099400A43531E9A41100038431FE61C00C5
:101608002E00203CE640202B05D04024E31A9D40C4
:1016180063462B439C466446631E9C41344314E74F
:1016280001236344984627E56346D31A9A429241B8
:101638004D1B5242AD1A98462B02CED443466F0733
:10164800DB081F4304000123ED0823E7002F00D126
:10165800D7E604000D009446BDE60300D9E58020D6
:10166800000405431F2B6BDC2020C01A804628008D
:101678004646B0406646DE400643B14660464646AA
:10168800B040DD40461EB0414E46491930438046C1
:1016980090449045924152423E005518D5E54E0778
:1016A800D2081643CD0809E663469E189642924131
:1016B800691852428A18130200D561E75707F608DD
:1016C80001233743D508E5E6FE070000FF070000C1
:1016D800FFFF7FFF002BE2D06346DE086B071E4347
:1016E8000B00ED08134300D1E8E580231B031D42DE
:1016F80006D0C808184203D10500D60849070E438A
:10170800730FF600F6085B071E43D7E50D00D208F5
:10171800E1E56346DE086B071E43ED08002F00D1A4
:10172800CCE580231B031D42EAD0CF081F42E7D136
:10173800D608490704003D000E43E1E723006EE6A2
:1017480018002E002038C640202B05D04020C31A90
:101758009D4063462B439C466046431E9841304358
:1017680095E720210023091A0EE50023002F00D158
:10177800BAE50D00904676E547461F4300D140E69E
:101788001D00C44627E60122624490461E0073E409
:10179800C9087F0702230F4315097BE6531C9846A7
:1017A8000D003E0068E4D6084B071E43CD0885E5CA
:1017B800030057E7114BD2082B405F0717435A0223
:1017C800120B01236FE43300B8464CE54346DA08B0
:1017D800330080E532420AD0084B04001A406746BD
:1017E80001235BE4013290460D001E0044E4DB084F
:1017F80057071F4304000023D5084BE6FFFF7FFF70
:10180800F0B5DE46454657464E46E0B587B00092ED
:1018180001930B031B0B9B46CA0F4B000400804629
:101828005B0D029200D1BFE08F4A934238D05946EF
:10183800420FC9000A43802109041143C20090469F
:101848008A4A894692469A44002300240393009EBC
:10185800019F3B031B0B7A0030009B46520DFD0F86
:10186800002A00D17FE0804B9A426ED05946730F10
:10187800C9000B438021090419438B467B49F300B7
:101888008C46514662448A1A92460021029E6E4056
:10189800F6B20F2C00D9F9E0754AA4001259974600
:1018A8005A460243914600D0B6E09A460223904633
:1018B80008240393CBE72E0000210023002288464A
:1018C8001B051343F60733434046190007B0F0BC25
:1018D800BB46B246A946A046F0BDCB464346029D4C
:1018E8000399022900D1FAE1032900D1A1E00129D5
:1018F800E1D0604A524490464446002C00DC00E2A5
:101908005A0704D00F221A40042A00D07FE22E0082
:10191800DA085B46DB0106D55946574B8024194047
:101928008B46E4005444554B9C4209DC5B465B07FC
:10193800134398465B4664055A02120B630DBFE7D2
:10194800002100228846484BBAE75B46009A1343B9
:101958004B4A9446E244002B59D1022214430022F8
:101968000221934692E75B46009A134349D05B46AF
:10197800002B00D1A4E1584601F03EFC0300020010
:101988000B3B1D27009EFB1A11005846DE40083904
:101998008840330003439B46009B8B40394952449F
:1019A8008A460021924471E75B460343994621D059
:1019B8005B46002B00D171E1584601F01DFC0B235A
:1019C8005B429C460200844466461D239B1B2600FE
:1019D80011005846DE4008398840330003439946D1
:1019E80023008B409846284B00249B1A9A460023D4
:1019F80003932CE7002398469A4601330424039363
:101A080025E7012214430022012193463EE70323E0
:101A180003211C43330039E79A460323D9460C2493
:101A2800039314E700238022984600260E4B1203E6
:101A380046E78022594612030A43120398462E00AD
:101A4800094B120B3CE7802249461203114202D08F
:101A580059461142F0D080224B4612031A43120312
:101A6800029E014B120B2BE7FF07000001FCFFFF52
:101A78005CB20008FF030000FFFFFFFEFE07000046
:101A880001F8FFFFF30300000DFCFFFFCB4500D278
:101A9800FAE000D1F5E00122524294460022444681
:101AA80048469046E2445A461F0E12021B02029311
:101AB800130C994617433B041B0C49460093FEF749
:101AC800ABFB009A0B044243210C050019438A42E0
:101AD80007D9C919013D8F4203D88A4201D9851E09
:101AE800C919881A4946FEF797FB009A240442430D
:101AF8000904240C03000C43A24204D9E419013B55
:101B0800A74200D8F7E00299A01A2D040C0C09048A
:101B18001D43090C2A0C2B04AB460D001B0C5D431E
:101B2800059163435143049462435B182C0CE318FA
:101B3800994203D9802149028C466244190C2D042C
:101B48001B042D0C8A185D19904200D287E000D141
:101B580082E043465D1BA8459B41801A5B42C01A40
:101B6800B14B534498461C00874200D10CE14946CA
:101B7800FEF752FB0200009B03905A430B04290C0A
:101B880019438A420AD90300C919013B03938F42BA
:101B980004D88A4202D9831E0393C919881A494670
:101BA800FEF73AFB0A00120494462A046546009997
:101BB800120C414303002A43914207D9D219013834
:101BC800974203D8914201D9981ED219039B521A01
:101BD8001B0403430598190C05008C461904090CCD
:101BE8004D438946614600956546484304994D43EF
:101BF800AC464D464D432918009D2D0CA946494435
:101C0800884203D9802040028146CC44009D080CBC
:101C18002D0409042D0C60444D1982420FD30BD0BA
:101C280001221343814A92456CDB1A1D9A429B415B
:101C38005B42D2089B446CE6002D00D193E0591E0C
:101C4800BA188C46BA4200D285E0824200D2C7E078
:101C580000D1D5E00B00E3E7A84500D379E75B4660
:101C6800591E029B9C46E0441C0098459B415B42E0
:101C7800DB19C018874238D2824278D875D08B4693
:101C880067E7434500D906E74A46D4075008424665
:101C9800520814434246D207904604E701F0ACFAD2
:101CA80015239C4684440200634620321C2B00DC2A
:101CB8008AE623000838834099460023984692E62E
:101CC80001F09AFA03000200153320321C2B00DCC5
:101CD80057E600990838814000238B465EE60021CC
:101CE8002E0000228846524BEAE58742C7D1444578
:101CF800C2D98B462DE7A24200D804E7831EE41917
:101D080001E72E0001224146521A382A00DDD3E5A8
:101D18001F2A3FDC47481C005044594683408140F5
:101D2800D440581E834121430B435946D1400A00F1
:101D3800590709D00F211940042905D0191D9942C6
:101D48009B415B42D2180B00110268D50021012388
:101D580000228846B4E50B00824200D060E7029A70
:101D6800954200D05CE73500C6E5454587D9022392
:101D78005B429C46029BE3449C46E04498459B4159
:101D88005B42DB19C018E4E6002B36DD0123002294
:101D98009B44BEE51F2140464942091A5846C8409F
:101DA8000100202A04D05846234A52449040034355
:101DB8005A1E934107200B43010000221940184284
:101DC80009D00F21194004291FD0181D98428941B4
:101DD800030049424907DB080B43984600236FE597
:101DE8000299023B49008C4602998C458941494237
:101DF800C919521861460291AEE701235B4281E797
:101E08000299A942ECD36346A9E70021E3E71A1D2A
:101E18009A429B415B422E00D2089B4479E55107C8
:101E28005202120BD7E7C046FF03000002FCFFFF77
:101E3800FF0700001E0400003E040000F0B55746EE
:101E4800DE464E464546E0B50D000400E80F8346E1
:101E58000903D80F090B82461A488C461F036900EC
:101E68005E00490D3F0B760D81421AD0864211D093
:101E78000120B1420FD1BC450DD1A2420BD1D345AF
:101E88001ED0002907D1614611430A00531E9A410A
:101E9800100000E00120F0BCBB46B246A946A046AF
:101EA800F0BD01208E42F6D1614639430F00174339
:101EB8002743F0D15B465246981A431E9841EAE7F9
:101EC8000020E8E7FF070000F0B557464E464546B4
:101ED800DE46E0B50D000E034900490D8A46DF0FC6
:101EE800E90FBC4683B02F4F04008046019158008B
:101EF80019039146360B090B400DBA451DD0B8425F
:101F08000DD05746002F2AD13443002824D10A4344
:101F180036D0002C41D163465800013815E01143F2
:101F280038D15346002B01D12643F4D0019B634599
:101F380007D1019B5800013807E026432AD15045B4
:101F480021D00120019B5F42384303B0F0BCBB465F
:101F5800B246A946A046F0BD002CDCD0E6E7002832
:101F6800EFD0019B6345ECD18245EADCE1DB8E4290
:101F7800E7D8DED1C845E4D80020C845E5D2D8E77F
:101F8800002CE2D0DDE7114304D1019B6345D8D191
:101F98000020DAE702204042D7E7019B6345E6D0FC
:101FA800CFE7C046FF070000F0B557464E46454606
:101FB800DE46E0B50D000E034900490D8A46DF0FE5
:101FC800E90FBC4683B02E4F0400804601915800AB
:101FD80019039146360B090B400DBA451ED0B8427D
:101FE8000DD05746002F27D13443002833D10A4358
:101FF80034D0002C40D163465800013815E0114315
:1020080012D15346002B01D12643F4D0019B6345DE
:102018001DD00120019B5F42384306E0264303D1CF
:102028005045F6D111431CD0022003B0F0BCBB468A
:10203800B246A946A046F0BD0028EAD0019B6345F8
:10204800E7D18245E5DC02DB8E42E2D80ED0019B67
:1020580058000138E9E7002CCDD0D7E7002CE4D0B0
:10206800D7E7019B00206345DFD0D2E7C845D0D829
:102078000020C845D9D2EAE7019B6345E4D0C8E708
:10208800FF070000F0B557464E464546DE46E0B528
:102098001F000B031B0B16009846CA0F4B000400C9
:1020A800924685B05B0D00D1C2E1CC4A934200D183
:1020B80028E14146420FC9000A438021090411431F
:1020C800C2009146C64A884693469B440023002591
:1020D80001933C037A00FB0F3000240B520D009350
:1020E80000D185E1BD4B9A4200D160E1BC4B9C46D2
:1020F800624493440A2D00DD14E1730FE4001C438D
:1021080080231B042343F0005246009900264A40CE
:102118009246022D11DD0122AA40A6211400C90011
:102128000C400A4200D0FDE0902189000A4200D00C
:10213800D4E18821114200D0EFE049464A4609041B
:10214800140C090C020C0F0015000004000C654368
:1021580047430195B9462F000D0006005543AC468C
:102168004D4666432D0CB4446544AE4205D93E0045
:1021780080277F02BC46664401964F463F043F0CC9
:102188002E0C2D04ED1902951D0C1B041B0C00953B
:102198001D001F0065434F43AC46009D69436C43D7
:1021A8003D0CA946614449448C4503D980256D02FC
:1021B800AC4664443F040D0C3F0C0904C919AC46F5
:1021C8007518039545462E04360C2F0C35004543EB
:1021D8007843804638006444AC462D0CA9465043E9
:1021E800724342444A44904503D980256D02A8466B
:1021F8004044150CA84665462D042D0CAC46350008
:102208005D4312046244AC467B43009D40449846BB
:102218002B006E4365467B4346442D0CAD191F00C9
:102228000093A84504D980235B0298464744009749
:10223800039B019E98462B044644984663468E426B
:1022480089411B041B0C4344B61849421B195F18EB
:1022580096429241BC465242804691468C458941FD
:10226800A3429B41E044C14449425B4291459241AB
:102278000B43804589412D0C494252420A435B1960
:102288009B18009A029994464A4663445B02D20D11
:102298001A43904672020A43511E8A41F60D1643AC
:1022A8004A4652021643B146DB0154D44D4A5A44B9
:1022B800002A00DC18E133005B0715D00F215B46CC
:1022C8003140042910D04946081D484589418146B6
:1022D800494288444146C90106D54146424A11400F
:1022E80080228846D2009A18404B9A4200DD2BE1A2
:1022F80041464B464C07DB081C4352054B021B0B5F
:10230800520D1AE042460243914600D0E0E09B4657
:102318000223904608250193DBE6009A98469246E8
:1023280081460196019B022B00D10DE1032B35D08C
:10233800012B1BD100220023002412051A43534607
:10234800DB071A432000110005B0F0BCBB46B246BB
:10235800A946A046F0BD0122730832401343424605
:10236800D2071343994643465B08984680225B464A
:10237800D2005A440133002A00DCB6E04946490736
:10238800A8D00F214846014004299CD1A2E70F2D6F
:1023980000D1FDE0009BA0469A46B1468023424604
:1023A8001B0313431B034C460C4A1B0BC5E70B4985
:1023B80033008C462343E344002B77D10221294381
:1023C8000A29AFDC5046009C60408246002D00D1AF
:1023D8000EE10D00002002269DE6C046FF07000022
:1023E80001FCFFFFFF030000FFFFFFFEFE070000E8
:1023F800230033434BD0002C00D1BBE0200000F079
:10240800FBFE030002000B3B1D20C31A3000D8401E
:1024180011000300300008398C4088402343594696
:102428008A1A78498B4693440A2D00DC6CE679E7D2
:1024380043460343994623D04346002B00D187E007
:10244800404600F0D9FE0B235B429C4602008444C0
:1024580011004046083988401D23804660461B1AF3
:102468002000D840030040460343984623008B4091
:102478009946644B00259B1A9B460023019328E646
:10248800002398469B4601330425019321E6012247
:1024980015430A2D00DD45E7524600994A40924609
:1024A800022D00DC46E70020012634E603231D4305
:1024B8000A2D00DD6BE75346009A8821534001221C
:1024C800AA409A4603262300114200D135E624E7A4
:1024D8009B46032381460C250193FAE500239A467F
:1024E8008023494A1B0328E75B460121891A3829BA
:1024F80000DD1FE71F295ADD1F204042821A40468F
:10250800D040202908D0414A9446424663449A4024
:1025180013004A461A4391464A460721531E9A41D8
:102528000C00024300231440114209D00831114025
:10253800042960D0111D9142A4410A006442640735
:10254800D20814430022F8E6002300242E4AF4E6B9
:1025580000F052FE15239C46844402006346203254
:102568001C2B00DC74E700239946230008388340BD
:1025780098467EE700F040FE030002001533203243
:102588001C2B00DC40E7330008388340002046E776
:10259800802342461B031A4200D1FFE61C4200D0AA
:1025A800FCE6009A234392463400174AC5E6184AC7
:1025B800404694464A4663449840CA4010434A46B7
:1025C8009A40531E9A4143460243CB40510709D0D3
:1025D8000F211140042905D0111D91429241524208
:1025E8009B180A00190208D5012200230024A4E63A
:1025F80000230024A1E60024A2E75C075B021B0B72
:102608009EE7C0460DFCFFFFFF0700003E040000E8
:102618001E040000F0B54E464546DE465746E0B576
:1026280083B0009001910D034E000199760DCC0FF7
:10263800690A009D6D0F0D43009900920193C8002F
:102648001903019BCB4A5B005B0D9946019B8346AE
:10265800DB0F98464B0A0099490F1943009BDB0092
:102668009C469A46914500D173E0012347465F4056
:102678004B46B846F31ABC4216D0002B00DC9AE24F
:102688004F46002F00D082E067460F4300D13AE161
:102698005F1E012B00D1A4E2934200D12EE1382F16
:1026A80000DD43E23B003EE1002B00DCD7E24F4671
:1026B800002F00D0F8E067460F4300D123E15F1EEA
:1026C800012B00D157E2934200D117E1382F00DCEB
:1026D80004E380221204154200D1AAE31E0015006B
:1026E8000027A44B01369E4200D103E10122A24BF0
:1026F8003A401D4079081143EA070A436D08530719
:1027080009D00F231340042B05D017003A1DBA42F5
:10271800BF417F42ED192B0200D477E3954901367A
:102728008E4200D1E6E0944973050D405B0D6907C0
:10273800D2086D020A432D0B1B052B43E4072343E4
:102748001000190003B0F0BCBB46B246A946A0462B
:10275800F0BD8A4BF21863460B434CD0444550D029
:10276800002A6CD0002E00D17DE1634644464F0715
:10277800DA081743C8083A00024300D1CDE08025A3
:102788002D0305432D033A007A4B2D0BD4E79642CF
:1027980000D1B3E0382B00DCC2E0471EB8428041CC
:1027A80040422D1A2B02B1D50127754D7F422800D2
:1027B80000F022FD0838202339001A1A8540D1403C
:1027C80087402943B04200DA45E1801B01301B1ADB
:1027D8003D009F40C5407A1E97410A009A402F430A
:1027E8003A43C14013000D0000260B4300D086E792
:1027F80000220025A0E7474601235F40B84644452C
:10280800AED1002A00D1EFE0002E00D088E14B467F
:102818002A00024300D1A0E25A1E012B00D1B7E2E0
:10282800544EB34200D17BE1382A00DC12E3802504
:102838002D04294200D112E31E00002751E7514A16
:10284800731C134200D0F4E062462B000A43034392
:10285800002E00D074E1002B00D123E2002A00D121
:10286800E0E06346C71AB842924180266B1A52428A
:102878009B1A3604334200D1C1E26346181A8445D4
:1028880092414D1B5242AD1A0124020043462A438D
:102898001C40002A00D1DBE0354200D1E9E2364B8A
:1028A80002001D40012342E7964227D0382B00DD65
:1028B80011E18022120411431F2B00DDA1E1202227
:1028C8000F00D21A914697406246DA401743B8463D
:1028D80062464F46BA40D940571EBA4147466D181E
:1028E80017433F188742804140422D182B0200D5DC
:1028F800F7E634E03300002500221DE7C0086F0723
:102908000743E80837E7C7086A071743194AE8087A
:10291800934200D12FE73A00D8E0164B00250BE789
:102928008022120411431F2B00DDB7E020220F0084
:10293800D21A914697406246DA401743B846624633
:102948004F46BA40D940571EBA4147466D1A1743F9
:10295800C71BB842804140422D1A2B0216D47B0770
:1029680000D179E20F233B40042B00D0CEE63300A0
:10297800FF08C9E7FF070000FFFF7FFF01F8FFFF1F
:10298800FFFF7F00FE070000444601266D026D0A26
:10299800002D00D00BE7380000F02EFC03001830A3
:1029A8001F2800DC07E73900083B9940864200DD14
:1029B80087E0831B581C1F2800DC14E20A001F3B19
:1029C800DA40202805D040231B1A99404B1E994114
:1029D8000A43002A3CD00026530700D091E617008E
:1029E80035003300FF088FE7CA4A731C13427AD1B7
:1029F8002B000343002E00D092E162460A43002BCD
:102A080000D1F4E1002A0DD06346C71887428041FF
:102A18006D1840422D182B0200D512E23A00BB4631
:102A28002A4315D05B466A07DF083A430023E808C3
:102A38004CE06346C71AB84292416B1A52429B1A3D
:102A48001A0200D587E03A001D001A43A0D10024DD
:102A58000023002570E6B04D361A0D407B0700D0E4
:102A680080E7330084E74B462A0002437ED05A1E93
:102A7800012B00D11FE1A94CA34200D198E1382ACB
:102A880000DC9CE16246571EBC45924152428D1AB9
:102A980044461E002A0200D586E637E61A000F00D3
:102AA800203AD740B846202B05D04022D31A994067
:102AB80063460B439A4657467B1E9F4143461F4336
:102AC80046E7954A331A11404A07C80805035B05CB
:102AD8002D0B5B0D30E680231B041D4200D1FBE06B
:102AE8001D000027FDE58D4A934200D103E76246A9
:102AF800821882428041691840420818C707520864
:102B080017434508520700D4AEE10F221E003A4091
:102B1800042A00D0FAE5FF086A073A430009D5E716
:102B280063464F07DA081743C80824E6471EB84229
:102B3800804140422D1A1E002A0200D534E6E5E500
:102B4800002B00D00DE1002A00D069E18025002487
:102B5800724B2D03F0E563461F1ABC4592410124D0
:102B680043464D1B5242AD1A1C4011E7624644468B
:102B78000D00D708C8E66346C61886428041691822
:102B8800404209180B0200D40CE1634B700819404D
:102B9800CB0703434A08400700D43BE10F20184005
:102BA800042800D136E11F1D9F42AD416D4202232A
:102BB800AD18FF08A8E6002B00D140E64B469B1B4A
:102BC800002E00D150E7382B2EDD63465F1EBC4532
:102BD800924152428D1A44464E462B0200D5E3E5F7
:102BE80094E56346C71AB84280416D1A40422D1ACF
:102BF8002B0200D5C9E66A07FF0801233A43E80813
:102C080064E71A000F00203AD740B846202B05D0B9
:102C18004022D31A994063460B439A4657467B1E77
:102C28009F4143461F435CE680223C001204154343
:102C38001F2B26DC20222F00D21A06009040974036
:102C4800DE40421E9041DD4037430743491B63463F
:102C5800DF1BBC45924152424E468D1A7DE6002B41
:102C680000D1C1E64B469B1B002E00D1D0E5382B86
:102C780036DD80252D04294200D1DDE04E460027AF
:102C88002FE51A002E00203AD640202B05D04022EE
:102C9800D31A9D402F000743BB465F467B1E9F41CA
:102CA8003743D4E7002A00D1D1E6012443460D007A
:102CB800E3461C40B6E663461F1ABC4592414D1BCD
:102CC8005242AD1A2B0200D55EE66A07FF08444659
:102CD80001233A43E808F9E6471C17E53B00EBE512
:102CE8008022120415431F2B6CDC20222F00D21ADD
:102CF800060090409740DE40421E9041DD40374339
:102D08000743491967446745924152424E46551850
:102D1800ECE5C046FE070000FFFF7FFFFF0700004D
:102D2800002B00D1FCE6C7086B071F436346E80881
:102D38000B4300D11FE580231B03184207D0CA08A4
:102D48001A4204D163461000DF0849070F437B0F7E
:102D5800FF00FF085B071F430DE562460D00D7081B
:102D6800D2E5C7086B071F43E808002A00D102E52F
:102D780080231B031842EAD0CA081A42E7D16346E7
:102D88000124DF084346490710000F431C40DEE7D3
:102D980060446045924169185242891806000B0246
:102DA80000D5F2E64A07F60801233243C8088DE643
:102DB8006346DF084B0744461F43C808DBE4444624
:102DC800130035E71A002E00203AD640202B05D0F4
:102DD8004022D31A9D402F000743BB465F467B1E07
:102DE8009F4137438EE7202300271B1AF5E4002371
:102DF800002A00D192E567460D00FF0884E53A00F5
:102E08001A4300D123E61D00BB460BE6170033002A
:102E1800FF0879E5DB0852071A430809022355E63B
:102E280063460124DA0843464F071743C8081C4085
:102E3800A1E41E00471C69E467460D004E460137B1
:102E480064E40F4BFF081D406A076D0201233A43F3
:102E58002D0B71E4130046E73300FF0854E567467D
:102E68000D001E00013751E46A07FF083A430009C4
:102E78002CE6C0086A0702430023E80826E6C04695
:102E8800FFFF7FFFF0B5C6461E03360BB0460D4E5A
:102E98000C034D005F0000B5240B6D0D7F0DB5428E
:102EA8000BD0084900208F4204D146461643300013
:102EB800431E984180BCB846F0BD04430120002C55
:102EC800F8D1EEE7FF0700000B00020070B5164DC1
:102ED8000C0382B04900002000920193240B490D95
:102EE800DE0FA94204DD1148814203DD104BF018C2
:102EF80002B070BD8020400320430E4C641A1F2C82
:102F080008DD0D4B5B1AD84003005842002EEFD164
:102F18001800EDE7094B009A9C46030061448B407A
:102F2800E2401343F1E7C046FE0300001D04000021
:102F3800FFFFFF7F3304000013040000EDFBFFFFD9
:102F480070B5002816D0C317C5185D40C40F2800F7
:102F580000F052F9104B1B1A5B055B0D0A2814DCB4
:102F680002002E00153296400B22121AD5402D036E
:102F78002D0B03E000240023002500261B052B430E
:102F8800E40723433000190070BD0B3885402D033A
:102F980000262D0BF2E7C0461E04000010B5041EE3
:102FA80010D000F029F90E4B1B1A5B055B0D0A289F
:102FB8000FDC0B222100121AD14015300A0384407D
:102FC800120B01E0002300221B0513432000190007
:102FD80010BD22000B38824012030024120BF3E7C5
:102FE8001E04000070B542024300C40FFE201B0EF1
:102FF800591C550A08420CD0E02189008C466D07FF
:10300800120B63441B051343E407234328001900EC
:1030180070BD002B14D1002D1BD0280000F0ECF857
:103028000A281CDC0B232A001B1ADA40030015337C
:103038009D400E4B12031B1A5B05120B5B0DE1E75B
:10304800002D09D0130B802212031A436D07084B79
:10305800D8E700230022D5E70022054BD2E703007A
:103068002A000B3B9A400025E3E7C046890300008D
:10307800FF070000F0B54B000F035B0D3D4C450FFB
:1030880083B07F0A5E1C2F4300900191CA0FC500D0
:1030980026420BD038495C18FE2C12DDFF20002395
:1030A800C0051843D207104303B0F0BD00203D43CC
:1030B800002BF5D0002DF1D08023DB03FF203B430C
:1030C800EEE7002C0CDD009BFF009B01581E83419E
:1030D800690F3B430B43590725D1DB08E0B2DFE713
:1030E800210017312EDB80211E2009043943001BE3
:1030F8001F282ADD02267642341B0E00E6403400E3
:10310800202804D01D488446634499400D432B0071
:10311800591E8B4123430721180008400B421FD139
:103128009B015B0ABCE70F211940042903D19B01CD
:103138005B0AE0B2B4E704335901F8D5013400233F
:10314800E0B2ADE700200023AAE70D4C1C192B00C4
:10315800A540C340A140681E854129430B43DAE7D7
:103168000F21002419400429E5D19B0120005B0AA6
:1031780096E7C046FE07000080FCFFFFA2FCFFFFA9
:1031880082FCFFFF844608006146FFE71FB500F098
:10319800C1F8002801D40021C8421FBD10B500F0B5
:1031A80049F84042013010BD10B500F0B3F80028CE
:1031B80001DB002010BD012010BDC04610B500F095
:1031C800A9F8002801DD002010BD012010BDC0466F
:1031D80010B500F057F8002801DC002010BD0120D0
:1031E80010BDC04610B500F04DF8002801DA0020E7
:1031F80010BD012010BDC0461C2101231B049842AC
:1032080001D3000C10391B0A984201D3000A08396F
:103218001B09984201D30009043902A2105C401826
:103228007047C046040302020101010100000000CA
:103238000000000070B542004E024C0045026D0AC5
:10324800120EC30F760A240EC90FFF2A10D0FF2CC6
:103258000CD00120A2420AD1B54208D18B420FD02E
:10326800002A04D12800431E984100E0012070BDC7
:103278000120FF2CFBD13543F9D14B401800F6E76C
:103288000020F4E730B5420044024D02C30F480065
:10329800640A120E6D0A000EC90FFF2A18D0FF2803
:1032A8000AD0002A1ED100280AD1002D29D0002CCE
:1032B8002DD14800013830BD002D25D1002A01D17B
:1032C800002CF6D08B4219D001205B421843F2E75C
:1032D800002C19D1FF28F7D1002D15D100208B42E1
:1032E800F2D1E8E70028EFD08B42EDD18242EBDC47
:1032F80004DBAC42E8D80020AC42DCD258000138EC
:10330800D9E7002CD7D0DFE702204042D3E78B4231
:10331800DAD1EEE730B5420044024D02C30F48004F
:10332800640A120E6D0A000EC90FFF2A17D0FF2873
:103338000AD0002A1BD100280AD1002D1DD0002C4C
:103348002DD14800013811E0002D0ED1002A01D1FD
:10335800002CF6D08B420CD15800013806E0002C26
:1033680003D1FF2805D1002D15D0022030BD00283B
:1033780006D101205B421843F8E7002CF6D0F8E7A5
:103388008B42F6D18242F4DCE6DBAC42F1D8002075
:10339800AC42EBD2E0E700208B42EAD1E6E78B4271
:1033A800E7D1F2E710B5041E0ED0A02001220221B9
:1033B800C00504F0F5F901240421074AA400137894
:1033C8008B432343137010BD0200A0200221C005C7
:1033D80004F0E6F9F0E7C046F802002070B50400F2
:1033E8000020FFF7DFFF0122044D200004492C6074
:1033F8002A7107F059FA287170BDC046B400002040
:10340800B90000200022054B0549DA84CA77190063
:10341800473328310A701A707047C046B40000203C
:10342800B900002010B5FFF7EDFF0020FFF7BAFF45
:1034380010BD00000A4B026810B59A420FD1094925
:10344800094CCB7F6079E21801339071CB77012268
:1034580000232068E384227107F026FA207110BD4A
:1034680000440040B9000020B4000020084B026866
:1034780010B59A420BD11E220021064807F08DFA9A
:103488001E220021044807F088FAFFF7CBFF10BD81
:1034980000440040BA000020DD000020F8B5194BB8
:1034A8000124187A08380100C2B22140204218D1FC
:1034B800052A16D9E2401D001C0008000E00277AD4
:1034C8000130C0B23E4302348242F8D1541C640039
:1034D80018198079B04206D01E2200210A4807F048
:1034E8005CFA00200CE000206E7A0130C0B2314353
:1034F80002358242F8D11B19DB7901208B42EBD1CE
:10350800F8BDC046B4000020BA000020F8B5050098
:10351800140081422AD9091A88B2FFF73FFD002218
:103528002F4BFEF7AFFD060028000F00FFF736FD12
:1035380002000B0030003900FEF762F90600200097
:103548000F00FFF72BFD02000B0030003900FEF7DB
:1035580099FD234B0022FEF753F9FCF7A3FF214BFB
:1035680024189C4200D91C002000F8BD8142FBD2DF
:10357800411A88B2FDF7E4FCFFF734FD0022184B2E
:10358800FEF780FD060028000F00FDF7D9FCFFF7C5
:1035980029FD02000B0030003900FEF731F9FFF772
:1035A80069FDFFF71FFD060020000F00FDF7C8FCAE
:1035B800FFF718FD02000B0030003900FEF762FD2E
:1035C800FCF770FFFFF7EAFC0022054BFEF718F93D
:1035D800FCF768FF844201DD241AC5E70024C3E72D
:1035E8000000594018FCE703642170B51A4B1B4CC6
:1035F8001A7C587C4A431B7B8018102B1FD00BD891
:10360800042B22D0082B1DD0022B21D002233834C2
:1036180022781343237070BD402B0DD0802B04D02B
:10362800202BF3D10E4D218901E00E4DA1882A6887
:10363800FFF76CFF2860E9E70B4DE188F7E70B4DD2
:103648006189F4E70A4DA189F1E70A4DE189EEE7BE
:10365800094D218AEBE7C046B4000020C0020020D3
:1036680090020020880200208C0200209402002092
:10367800980200209C020020A00200207F2270B542
:103688001C4B5B791A40102A06D04022190091433E
:10369800202901D0802B14D100221749174B086824
:1036A8004968FEF7EFFC0022154B04000D00FCF7FB
:1036B800D7FE002818D120002900FCF7F3FE80B2BD
:1036C80070BD302B04D0102219009143402903D13A
:1036D800002209490B4BE2E7702BDDD0A02B06D165
:1036E80000220549084BDAE700200549E5E70020F4
:1036F8000021E2E7D0010020D80500200000594051
:10370800C0FFEF4000408F400088C340F8B59F4C91
:10371800E57A102D30D19E4A637AE280182222720F
:10372800A27AE57262729B4AA37212789A4B22734C
:103738001A003D32117801220A4362731A003E32A0
:103748001278A2731A003F321278E2731A1DD28FD0
:1037580052BA22829A1DD28F52BA62821A00083255
:10376800D28F483352BA1B88A2825BBAE3828B4B52
:10377800A3618B4BA3834FE0202D00D076E0894BCB
:10378800854D1B78DB071CD5002000F091FA00203E
:1037980000F0A6FA002000F0BDFA002000F0D2FAEE
:1037A800002000F0E7FA002000F0FCFA002000F00A
:1037B80011FB002000F026FB002000F03DFB00F08C
:1037C800D5FC2A003C321378207B617A03431370BE
:1037D800627B2800072617003D300378B7433B4338
:1037E800037028003E300378A67B3F3533430370CF
:1037F8002B78E07B03432B70654BE3801023237207
:10380800A37AA17263722023E3721F3B134363738D
:10381800624B2361624BA382002220002500110025
:10382800237A083BDBB25B0802359A4200D09BE062
:103838005A1C5200A518A971002126000D00023655
:10384800994200D095E00023A218D5711D00217A75
:1038580001308B4200D091E0FFF7D4FD23002B33D9
:103868001A785149206806F00DF9F8BD302D16D1A7
:10387800FFF704FF464A637AE28010222272A27A96
:10388800A3726272CA22444B9200E5729B5C627B0F
:103898002373012340BA13436373E081B8E7402DD3
:1038A80022D101233F4A657A11780B4313704123D3
:1038B800227B607B9A43374B010711D519780A435D
:1038C8001A70334BE38010232372A37AA5726372B4
:1038D8004023E3723F3B034363730023E38197E78D
:1038E800197891431970ECE7502D14D1667AFFF7D7
:1038F8007BFE274B627BE38012232372A37AE57257
:1039080063720123134363730023E3816382274BAC
:10391800A672636180E76A2D00D07DE71C4A637A4E
:10392800E28018222272A27AE5726272194AA372A0
:103938001278194B22731A003D32117801220A437A
:1039480062730022E2811A4A9A5A52BA2282CB2220
:1039580092009A5A52BA6282164A9A5A52BAA28265
:10396800CC2292009B5A00E7AE790132D2B23143A1
:103978005AE7F77901313D43C9B260E70200467959
:10398800283201331670DBB2457161E7B4000020BC
:10399800AA99FFFFFC020020C0020020000099AA9B
:1039A8000D0A0000F8020020DD00002099AA0D0A87
:1039B8002A0300002E03000010B5FFF76FFD002852
:1039C80008D0064A064B927A5B799A4202D1FFF7F1
:1039D8009DFE10BDFFF726FDFBE7C046B4000020A2
:1039E800D001002070B5394B394C1B78002B63D1BE
:1039F800A279631DDB7FAA2A58D1002B58D0E2791F
:103A0800992A50D1012B09D1E38CC72B5BD92834D3
:103A18002378002B4FD1FFF705FD4CE0217A4A1E91
:103A2800D0B21D283CD8022BEED06518AD78C81E40
:103A3800992D32D19842E7DC201880798D1EAA286A
:103A480028D19D42E0DC6519A8790D281FD19A423A
:103A5800DADCA21892790A2A10D19942D4D8230024
:103A6800A0202833093A0221C0051A7003F098FEF5
:103A78000423184A11780B43137003E09942C3D802
:103A8800FFF7D0FC631DDB7F002BBDD110E09A420D
:103A9800BADCF5E79D42B7DCF2E79842B4DCEFE721
:103AA800022BB1D0ECE7012BAED0E9E7002BE7D130
:103AB800E38CC72BABD870BD220047321378042B98
:103AC800E0D80133D8E70133E384F1E7DC000020D4
:103AD800B4000020F802002010B50B4C2379002B0D
:103AE80005D001220949206806F0DEFE2071230076
:103AF80028331B78012B05D147342378042B01D9AF
:103B0800FFF75AFF10BDC046B4000020B9000020DE
:103B1800F7B50E001400050003F0A0FC02231248BC
:103B280001A90360DB1843601B3383601E3BC3603D
:103B3800002703F039FDB8420BD003F0A1FCFEBD0D
:103B4800F31801201A685B6803F0D8FC002808D134
:103B58000137FB00E918BC42F2DC03F003FD00204A
:103B6800EDE703F0FFFCE8E7FC000020030070B578
:103B78001C685D681E1A013A8E1992B2346075602D
:103B88000833002AF4D170BD0122802110B591407C
:103B9800044803F005FE0121034A13788B43137090
:103BA80010BDC046000400500003002080210122FF
:103BB80010B58900044803F0F3FD0221034A137885
:103BC8008B43137010BDC046000400500003002052
:103BD8000122802110B5044803F0E2FD0421034AC4
:103BE80013788B43137010BD0004005000030020AD
:103BF8000122402110B5044803F0D2FD0821034AF0
:103C080013788B43137010BD00040050000300208C
:103C18000122202110B5044803F0C2FD1021034AF7
:103C280013788B43137010BD00040050000300206C
:103C38000122102110B5044803F0B2FD2021034AE7
:103C480013788B43137010BD00040050000300204C
:103C58000122082110B5044803F0A2FD4021034ABF
:103C680013788B43137010BD00040050000300202C
:103C78000122082110B5044803F092FD7F21034A70
:103C880013780B40137010BD000C00500003002087
:103C98000122042110B5044803F082FD0121034AE2
:103CA80053788B43537010BD000C00500003002064
:103CB80010B5041E02D0012803D010BDFFF764FF21
:103CC800FBE7802100220448490003F069FD034B0B
:103CD8001A7814431C70F0E7000400500003002019
:103CE80010B5002802D0012803D010BDFFF75EFFF1
:103CF800FBE7802100228900044803F051FD0223DC
:103D0800034A11780B431370EFE7C04600040050D4
:103D18000003002010B5002802D0012803D010BDF0
:103D2800FFF756FFFBE700228021044803F038FD27
:103D38000423034A11780B431370F0E70004005082
:103D48000003002010B5002802D0012803D010BDC0
:103D5800FFF74EFFFBE700224021044803F020FD57
:103D68000823034A11780B431370F0E7000400504E
:103D78000003002010B5002802D0012803D010BD90
:103D8800FFF746FFFBE700222021044803F008FD67
:103D98001023034A11780B431370F0E70004005016
:103DA8000003002010B5002802D0012803D010BD60
:103DB800FFF73EFFFBE700221021044803F0F0FC68
:103DC8002023034A11780B431370F0E700040050D6
:103DD8000003002010B5002802D0012803D010BD30
:103DE800FFF736FFFBE700220821044803F0D8FC60
:103DF8004023034A11780B431370F0E70004005086
:103E08000003002010B5002802D0012803D010BDFF
:103E1800FFF72EFFFBE700220821054803F0C0FC4E
:103E28008023044A5B4211780B431370EFE7C046C6
:103E3800000C00500003002010B5041E02D0012819
:103E480003D010BDFFF724FFFBE70022042104483C
:103E580003F0A6FC034B5A7814435C70F1E7C046A4
:103E6800000C005000030020F8B52D4D2D4C696A58
:103E78002A6AA069002905D1904203D90120FFF7D9
:103E8800C1FF0BE063699C46C318002907D1934220
:103E980005D9FFF7EDFE0120FFF79CFFF8BD0027CD
:103EA800E6699B198F4207D1934205D9FFF7D0FEE7
:103EB8000120FFF7C1FFF1E7C3188F4204D19342F5
:103EC80002D9FFF7E5FED9E763441F0000238B42C0
:103ED80001D19742DDD8F6198B4201D19642E5D837
:103EE8008019002901D19042EBD8FFF7D1FEFFF7E6
:103EF800AFFEFFF7BDFEC623002000219B00E3189C
:103F080018605960CA2300229B00E2543D3423788C
:103F18007F3213402370002200232A626B62BDE7C0
:103F280010010020C002002030B52B4A2B4B12781C
:103F3800D20908D001240025294A106A516A0019BB
:103F48006941106251621A003C321278D20903D0DA
:103F580023490A6801320A601A003C321278520674
:103F680003D51F494A6801324A601A003C32127868
:103F7800920603D51A498A6801328A601A003C32CF
:103F88001278D20603D51649CA680132CA601A00E7
:103F98003C321278120703D511490A6901320A61C5
:103FA8001A003C321278520703D50D494A6901328A
:103FB8004A611A003C321278920703D508498A6987
:103FC80001328A613D331B785B0603D5044AD36905
:103FD8000133D36130BDC046FD020020C00200207D
:103FE8001001002010B50A4B0A4C1B6822689A423F
:103FF80003D20120FFF75CFE10BDFFF7C5FD0023CB
:104008007F21054A236013780B401370F4E7C046FC
:104018008802002010010020FC02002010B50A4B85
:104028000A4C1B6862689A4203D20120FFF740FEDF
:1040380010BDFFF7A9FD00234021054A63601378EE
:104048008B431370F4E7C0468C0200201001002057
:10405800FC02002010B50A4B0A4C1B68A2689A4261
:1040680003D20120FFF73CFE10BDFFF79FFD0023A0
:104078002021054AA36013788B431370F4E7C046E8
:104088009002002010010020FC02002010B50A4B0D
:104098000A4C1B68E2689A4203D20120FFF73AFEF5
:1040A80010BDFFF795FD00231021054AE360137842
:1040B8008B431370F4E7C0469402002010010020DF
:1040C800FC02002010B50A4B0A4C1B6822699A4270
:1040D80003D20120FFF736FE10BDFFF789FD00234C
:1040E8000821054A236113788B431370F4E7C0460F
:1040F8009802002010010020FC02002010B50A4B95
:104108000A4C1B6862699A4203D20120FFF732FE0B
:1041180010BDFFF77DFD00230421054A6361137874
:104128008B431370F4E7C0469C0200201001002066
:10413800FC02002010B50A4B0A4C1B68A2699A427F
:1041480003D20120FFF72EFE10BDFFF771FD0023FB
:104158000221054AA36113788B431370F4E7C04624
:10416800A002002010010020FC02002000200021F5
:104178000022084B1862596201211A605A609A603D
:10418800DA601A615A619A61DA61034A13788B43DB
:104198001370704710010020F802002070B5154D0B
:1041A800154CEA69E3699A4203D20120FFF744FEFD
:1041B80070BDA1695B189A4205D2FFF769FD01201D
:1041C800FFF720FEF4E7FFF753FDFFF761FDC62375
:1041D800002000219B00E318CA22186059600023C0
:1041E8009200A35440223D34EB612378934323701B
:1041F800DEE7C04610010020C00200204B4B10B57E
:104208004B4C1A78012023003C3302423CD11B78E6
:10421800DB0901D0FFF7E6FE23003C331B785B0681
:1042280001D5FFF7FBFE23003C331B789B0601D525
:10423800FFF710FF23003C331B78DB0601D5FFF79F
:1042480025FF23003C331B781B0701D5FFF73AFFF6
:1042580023003C331B785B0701D5FFF74FFF230092
:104268003C331B789B0701D5FFF764FF23003D33E0
:104278001B78DB0901D0FFF7F7FD3D3423785B0697
:1042880001D5FFF78BFF10BD1A78D2092AD0FFF7A6
:104298000FFD23003C331A78920629D50120FFF739
:1042A8001FFD23003C331A78D20627D50120FFF7DB
:1042B80031FD23003C331A78120725D50120FFF77A
:1042C80041FD23003C331A78520723D50120FFF71C
:1042D80051FD23003C331A78920721D50120FFF7BE
:1042E80061FDC3E71B78DB09D3D1FFF74DFCD0E7AD
:1042F8001B789B06D5D4FFF759FCD2E71B78DB0661
:10430800D7D4FFF765FCD4E71B781B07D9D4FFF790
:104318006FFCD6E71B785B07DBD4FFF779FCD8E79F
:104328001B789B07A2D4FFF783FC9FE7F8020020C5
:10433800C002002010B5074C0821206005F070FA73
:104348000421206805F06CFA0021206805F068FA5D
:1043580010BDC04638010020002803D1144B1B684B
:104368001B68D863002903D1114B1B681B6899632C
:10437800002A03D10E4B1B681B685A63002805D01E
:104388000B4B80001B6801381B68D863002905D0D7
:10439800074B89001B6801391B689963002A05D0FF
:1043A800034B92001B68013A1B685A637047C0466A
:1043B80038010020034B044A1A62044A5A62002258
:1043C8001A8570473C0100200300FF0000FFFF0F23
:1043D80070B5802300250C4C0C4E29009B02A06070
:1043E8001422300023602571203606F0D6FA290001
:1043F8000A22074806F0D1FA35706585E5852563F8
:104408006563A563E56370BD3C0100204801002099
:104418005C01002070B5812300250B4E0B4C290050
:104428005B041422300023602571203606F0B5FAAB
:1044380029000A22064806F0B0FA35706585E58538
:104448002563656370BDC046480100203C0100201B
:104458005C010020AF210A4A10B5138889008B42FD
:1044680004D2013313800023D38510BDD38D0133CB
:104478009BB2D3858B42F8D3FFF7CCFFF5E7C04654
:104488003C010020094B02689A420AD10849094AAE
:104498000B780133DBB2092B04D80B7000232C32C4
:1044A80013707047002353851371F7E700540040D9
:1044B800660100203C010020454B0268D0B59A42B5
:1044C80000D084E0434A444C13780133DBB21370C4
:1044D800132B00D878E0E08FFCF732FDFEF782FD61
:1044E8003E4A3F4BFDF7CEFD0600208B0F00FCF740
:1044F800D7FCFEF777FD3B4A3B4BFDF7C3FD0200B7
:104508000B0030003900FCF761FDFBF7CBFFE087BB
:10451800208FFCF715FDFEF765FD304A304BFDF79F
:10452800B1FD0600608B0F00FCF7BAFCFEF75AFDE0
:104538002C4A2D4BFDF7A6FD02000B003000390078
:10454800FCF744FDFBF7AEFF2087608FFCF7F8FC13
:10455800FEF748FD214A224BFDF794FD0600A08B8B
:104568000F00FCF79DFCFEF73DFD1E4A1E4BFDF7B4
:1045780089FD02000B0030003900FCF727FDFBF72E
:1045880091FF6087A08FFCF7DBFCFEF72BFD134A39
:10459800134BFDF777FD0600E08B0F00FCF780FC5E
:1045A800FEF720FD0F4A104BFDF76CFD0B000200D3
:1045B80039003000FCF70AFDFBF774FF0023238065
:1045C80063850133A087237100232C342370D0BD69
:1045D80000540040660100203C01002066666666C3
:1045E8006666E63F333333333333D33F37B501257C
:1045F80080210A4B0A4A1B780A4CD25C0C331B19DF
:10460800019500930A432B00A0682E3903F018FA8D
:1046180023002B342C331D70257037BD6601002014
:104628009CB200083C010020254B1A8BD878DA860A
:104638005A8B1A869A8B5A86DA8B9A8601283DD12C
:104648005A1C197BD27F914237D19A1C597BD27F51
:10465800914232D1DA1C997BD27F91422DD11A1D19
:10466800D97BD27F914228D15A1D197CD27F9142A1
:1046780023D19A1D597CD27F91421ED1DA1D997C93
:10468800D27F914219D11A000832D97CD27F914247
:1046980013D11A002832197D127891420DD11A00CF
:1046A8002932597D1278914207D19B7D0020442BF5
:1046B80003D04D3B5A1E9341D8B270470020FCE707
:1046C8003C01002010B5084CA378022B04D1013B13
:1046D800E370FFF76FFE02E0E378012BF9D0FFF7F4
:1046E800A3FFA07010BDC0463C010020AF2337B522
:1046F8002D4C9B0022889A4204D323002A331B782E
:10470800002B04D023002B331B78012B07D1230067
:104718002C331B782279134301D1FFF767FFFFF78A
:10472800D1FFA278012A04D123002A331B78002B59
:1047380004D023002B331B78022B31D125002C35D4
:104748002B78002B16D12379012B13D1220080203E
:104758002A321178154A0193525C20316118009170
:1047680002435221A06803F005F902232B342B7071
:10477800237037BD002A04D123002A331B78002B6D
:1047880004D023002B331B78022BF2D123002C33C7
:104798001B78002BEDD12279012AEAD12371E8E7B1
:1047A800002AE9D0E5E7C0463C0100209CB2000899
:1047B800024B9878434258417047C0463C0100205C
:1047C80030B5054C258F0580608F0880A18F11803A
:1047D800E28F1A8030BDC0463C01002010B5C34BA3
:1047E800C34C5B79602B00D1B4E100D97AE0302B5F
:1047F80000D121E124D8102B00D1D7E0202B00D103
:1048080016E1BC4B58226382BB4BBC496361BC4B6D
:10481800BC48A361BC4BE361FA232362A36206F0A0
:10482800EFF85822B949BA4806F0EAF804223D34AC
:1048380023789343237023787B321340237010BD71
:10484800402B00D14DE1502BDBD1FA23DB00636014
:10485800C823A3600023E3602382013B2380A37065
:104868002300AC4AFA331A808E23002100209B00D3
:10487800E31818605960902300229B00E118A64BAA
:104888000A604B609221890061180A604B6094238A
:104898009B00E11880230022DB050A604B6096210B
:1048A800890061180A604B60982300229B00E11878
:1048B8009A4B0A604B609A21890061180A604B6024
:1048C8009C2300229B00E118954B0A604B609E21B7
:1048D800890061180A604B60A0239B00E118002240
:1048E800904B87E1902B00D1C5E156D8702B00D1B1
:1048F80088E1802B00D084E7FA239B0063608A4B11
:10490800844AA3606423E360DC23FF332382DD3B16
:10491800FF3B2380A3702300FA331A808E230020E4
:1049280000219B00E3181860596090237F48804954
:104938009B00E3181860596092237E497B489B00CE
:10494800E3181860596094239B00784AE1187A4B61
:104958000A604B609621890061180A604B609823B1
:104968009B00764AE118764B0A604B609A218900D1
:1049780061180A604B609C239B006C4AE118714BDC
:104988000A604B609E21890061180A604B60A02371
:104998009B00E1180022604B2CE1A02B02D0FF2BDA
:1049A80000D02EE7FA239B00636003E0FA23DB00C4
:1049B8006360C823A3600023E3602382013B238054
:1049C800A3702300534AFA331A808E239B000022D7
:1049D800E11800230A604B609021890061180A6081
:1049E8004B609221890061180A604B60942189000C
:1049F80061180A604B609621890061180A604B6053
:104A08009821890061180A604B609A218900611811
:104A18000A604B609C21890061180A604B609E21E6
:104A2800890061180A604B60A02189006118E1E0E3
:104A3800C8236360444BBDE796235B006360963BE5
:104A4800A3600023E3602382013B2380A37023003B
:104A5800304AFA331A808E23002000219B00E31885
:104A68001860596090239B00304AE118304B0020B1
:104A78000A604B609221890061180A604B60942398
:104A88009B002A4AE1182B4B0A604B60962189004B
:104A980061180A604B6098239B00244AE118264B52
:104AA8000A604B609A21890061180A604B609C2358
:104AB80000229B00E118184B0A604B609E21890078
:104AC80061180A604B60A02320499B00E318186016
:104AD8005960A223002012499B00E318186059600E
:104AE8008FE6FA23DB006360194B63E7D0010020EF
:104AF800C00200201405000090650000D6010020C7
:104B0800D8D600000A030020102700002E0200203B
:104B180062030020010200000000F03F0000104086
:104B280000002440000034401900C8009A9999995F
:104B38009999B93F9999C93F9999D93F33333333F3
:104B48003333E33F9999E93FC800C8000000144097
:104B5800C8002C01704B802263601E23A3600023D1
:104B6800E36078332382793B2380A370230092008B
:104B7800FA331A808E23002000219B00E318186066
:104B88005960902300229B00E118644B00200A60C2
:104B98004B609221890061180A604B609423604938
:104BA8009B00E31818605960962300205D499B001C
:104BB800E31818605960982300205B499B00E318AC
:104BC800186059609A23002058499B00E318186020
:104BD80059609C2300229B00E118554B0A604B60EA
:104BE8009E21890061180A604B60A02300229B0067
:104BF800E118504B0A604B60A221890061180A60D5
:104C08004B60FEE54C4B4D4A63604D4B0020A36062
:104C18006423E360A533FF33238201235B422380AF
:104C2800A3702300FA331A808E2300219B00E31817
:104C3800186059609023802100209B00E318C90563
:104C480018605960922300203E499B00E3181860C1
:104C58005960942300229B00E1183B4B0A604B608B
:104C68009621890061180A604B6098239B00E1181F
:104C78000022364B1DE6FA239B006360344B2F4A13
:104C8800A3600023E36091239B00238201235B42FE
:104C98002380A3702300FA331A808E23002100207A
:104CA8009B00E3181860596090239B00E11880234B
:104CB8000022DB050A604B609221890061180A60B6
:104CC8004B60942300229B00E1181E4B0A604B6046
:104CD8009621890061180A604B60982300229B0086
:104CE800E118194B0A604B609A21890061180A6023
:104CF8004B609C2300229B00E118144B0A604B6018
:104D08009E21890061180A604B60A0239B00E1186E
:104D18000022044B6EE7C046DC0500000000F03FAF
:104D280000001440000024400000344000003E40D1
:104D38000000444000004940F40164000102000002
:104D480064003700000010400000184000002040B8
:104D580064006400F0B5C04B5A79602A00D10AE1BA
:104D680000D97FE0302A07D01021302A76D8103AAF
:104D78008A43D2B2002A74D1B84CB948DC61B94C24
:104D880058615C639C1DA4466746B74CB748FC87CE
:104D98005E27BC469C446746B54998611862186707
:104DA8009867B4481961B449D867181DC1671800D5
:104DB800B24E0830DE803E80B14E99621E66B14E1A
:104DC80019635E66AA4EAE4A9E66A54E9A60DE6676
:104DD800A24EAC4A5E67AC4EDA60C6671E008836E3
:104DE800316019009F4E8C310E601900A64A90312F
:104DF800DA62A64A9F4D0A6019005D62A44D94319B
:104E08000D6019001F0098319A63DD631A640A6007
:104E1800A0495C3739801F009F4E1A009E37C6870D
:104E28003E801E009C3214809C4AA03632601E00D0
:104E38009B4DA436DD6435601D00A8359A641A655B
:104E48002A601A00974CAC3214601A0096485C65C8
:104E58009865B032B4331060198002E08A43402A62
:104E68008AD0F0BD902A00D1F6E17DD8702A00D111
:104E780098E1802AF5D18D4A8D49DA808D4A5962A8
:104E88009A608D4A8D49DA608D4A59631A618D4A54
:104E98008D495A618D4A8E4C9A618E4A8E4DDA61DF
:104EA8008E4A8F481A629A628E4A1864DA628E4A6B
:104EB8001A639A638D4ADA639A1DD18719005E31A5
:104EC8000C808B498B4C19668B49DC6759668B497A
:104ED8001C1D99668A490232D9668A4919678A4926
:104EE80059678A49E1671C00996789498834D167FD
:104EF800884921601C008C3425601C009034216096
:104F08001900854C94310C601C0084499834216048
:104F18001C00834D9C342580824C9864D487824A37
:104F28008248DA64824A58651A659A651A00814887
:104F38005C3210801A0080489E3210801A00A0321D
:104F480011601A007D49A432116019007C4AA83109
:104F58000A6019007B48AC3108601900B0310A605A
:104F6800794AB4331A807CE7A02A00D104E7FF2AE3
:104F780000D101E775E77548754E18619861986624
:104F880018677448744A9E601E66734E714C586761
:104F98007248DA605E66724A724EDC619867724CDB
:104FA8006F485A62DE66714A714EDC62D867714C8E
:104FB800181DC6675A636C489A1DD4870232D06799
:104FC800180068496C4E59616949883006609962D1
:104FD80018006A49654E8C46694F6A4C8C300660E9
:104FE8001800278064469030046018005B4D996370
:104FF8001D62614D64491D63644D9430DF80DD633B
:105008001964056018009830016018001F00594C99
:105018005F4E9C3004805F4D5F4CD6875F4A604886
:105028009964DD641A655C659A655C3738801F0091
:105038009E373E801E00A03631601900A4310D60F5
:105048001900A8310A601900AC310C601900B4339A
:10505800B0310A60188004E7D001002001A4B036FE
:1050680054B6B0362684141F146D0000612F8136A3
:105078001F341E3B01A4B728F2263C2E5E470000D1
:10508800BA38933F5DC8023F2684B728AD20F6277B
:10509800146D141F50490000B3160000BF1AE12117
:1050A800D957B316D95749119916851DDC40000008
:1050B8007D828A28663C08487EB9933A006C4B1F6B
:1050C8006838C843DCABE533BB590000E7333B3FE6
:1050D80049410000E29C8A2800700F20D52B5C36DD
:1050E800EA1E4F287D824B1FC324BA2E006C251858
:1050F800D23C54491F88032A2ABB9E3B8939ED4577
:105108009BAF4035633582419BA1032AB32D4539B6
:105118001F880F2026260C310070E2186520AF2A60
:10512800E25D000025180000BB59A4118148A411B4
:105138005019182281480000E2180000E25D73133C
:10514800BC1B7125754F7313754F0000C248CD50B5
:105158004B4AA2523BCC67423AD00E4981415C4847
:1051680062B8513C3BCC0E4986A7E332558B942B51
:105178006F3B7141F86500002F319C359C29042D47
:10518800324A00002E0200209F2369264C76F4251F
:10519800F4250000F8659C1F1D549C1F5F1D5D1FB2
:1051A8001D540000584D594A9D61594D9A60594AFD
:1051B800AC465D63584D5A629A1DD587574F584D76
:1051C800DF802F80514F574C1F66574F5C615F66D9
:1051D800564F574C9F66534F1C62DF664A4F9C627E
:1051E8001F67544F9C675F674A4F0232DF671F1D76
:1051F800FC67514C4D48D4671C0018614F488834EF
:1052080020601C0065468C3425601C0090342060AA
:105218001863986318004449464ED9604649DE61D0
:10522800D962474E47499430DE6319640660180016
:105238009830016018001F00374C434E9C300480A2
:10524800424D434CD687434A43489964DD641A6506
:105258005C659A655C37E9E6404D414E1D619D618C
:105268009D661D673F4D404A3E4C5E625D673F4EFE
:105278003B4D9A60DC613E4A3E4CB446DE63DD67D6
:105288003D4E1D1DEC671C629C62DA629C679A1D8C
:10529800374CD6870232D4671C00384888345861A6
:1052A8003748384D20601C008C3425601C00903431
:1052B80020601863986318006446334F184E3349CA
:1052C8003780DF80284FD9601F662E492F4F5963DA
:1052D8005F662F49294F9430DF661964046018000F
:1052E8009830016018001F00234C2A4E9C3004801F
:1052F800294D2A4CD6872A4A2A489964DD641A65BA
:105308005C659A655C3791E62C3B4D3FDA4C595207
:105318003475E628E98A92302E670000354C000083
:105328002E020020BBCC1F3ABFD73948E8481D4E93
:10533800A931F634BFA59230E98AE628EF299A2CDC
:105348003475FB23F1243127FB2300002E67E21478
:10535800263CE2149E15C016263C0000E2343E327C
:10536800BC89E53E589EE53E2A41F6438879A03936
:10537800BC89F33BDE2B61266D6D0000589EBA3F59
:105388001C25F31E8879F33BB142000083BDBA3F68
:1053980007209D19A03900006D6DE6320758E632E6
:1053A800C7171C120758000070B5012588B01422D1
:1053B800002103A805F0F1FA0221FE261A4BB600D7
:1053C8005A6B1A482A435A635A6B00242A4000929F
:1053D800009A5A6B0A435A635A6B0A400192019A1F
:1053E8005A6B06310A435A635B6B00220B400293E7
:1053F8000431029B02F0D4F9002231000C4802F07B
:10540800CFF90C2303A9094803930495059406943E
:1054180002F014F9064803A9039604950594069426
:1054280002F00CF908B070BD00100240000C0050EA
:105438000004005010B5134B134C01222360134B8A
:10544800200063600023E260A36023616361A361BD
:10545800E361236202F030FA002801D001F04CFD2C
:105468000021200003F04EF9002801D001F044FD8E
:105478000021200003F06CF9002801D001F03CFD68
:1054880010BDC046005400407C010020583D50002B
:1054980030B504008FB01422002103A805F07DFA6E
:1054A8001822002108A805F078FA1C4B22689A42B5
:1054B80031D1202308A8089303F0B8FC002801D0B4
:1054C80001F01AFD0122164CA020636B002513433E
:1054D8006363636B03A913400193019BC023DB0043
:1054E80003931223C00504930C3B07930595069577
:1054F80002F0A4F88022E36B92031343E363E36BA7
:105508001720134002932A002900029B01F0DEFEB7
:10551800172001F005FF0FB030BDC0460054004011
:1055280000100240431A074810B55843002805DB0D
:105538004B101818FAF774FE00B210BD4B08C01AC9
:10554800F8E7C0461027000010B592B034220021B9
:1055580005A801AC05F021FA00211022200005F071
:105568001CFA8020800003F017F902230593FE330C
:1055780040220893002305A809930A920C9303F08C
:1055880037F9011E01D072B6FEE707236060A060FC
:10559800E0602000019303F08BFB002801D072B675
:1055A800FEE712B010BD0000F0B5CD4B8BB01E78F1
:1055B80005007300185ACB4C0793FDF7EFFC230046
:1055C80000900191FA331F7820367B00585B0493D2
:1055D800FDF7E4FC20377F00E719029003917888F3
:1055E800FDF7DCFC009A019BFCF74CFD7600A61940
:1055F800089009917088FDF7D1FC029A039BFCF78B
:1056080041FD0B00020008980999FCF7F9F805F02C
:1056180001FAC0239B00E418049B0600EB180F0056
:105628000493079B26606760EB1800250793049B8B
:10563800585BFDF7B3FC009A019BFCF723FD079B21
:1056480008900991585BFDF7A9FC029A039BFCF7A7
:1056580019FD0B00020008980999FCF7D1F805F02C
:10566800D9F9AA239F4C9B00EB181B190835186021
:105678005960582DDBD1AA239B00E31830001A6823
:105688005B683900FAF7ECFE00280CD0C62300202E
:1056980000219B00E31818605960CA2301229B006F
:1056A800E2540BB0F0BDAC239B00E3181A685B68AA
:1056B8003000390000920193FAF7D2FE002812D088
:1056C800C6239B0030003900E518009A019BFCF7BF
:1056D80097F80B008449020008684968FCF7D2FC77
:1056E80028606960D9E7AE239B00E3181A685B68F5
:1056F8003000390002920393FAF7B2FE002833D043
:1057080090239B00E3181A685B6804920593C623EC
:105718009B0030003900E518009A019BFCF77AFFDE
:10572800009A019B06000F0002980399FCF772FF8C
:1057380002000B0030003900FCF762F892239B004E
:105748000F00E1180600049A059B08684968FCF7F1
:1057580061FF02000B0030003900FCF793FC049A4B
:10576800059BFBF733FCBBE7B0239B00E3181A68E3
:105778005B683000390000920193FAF771FE002847
:1057880038D092239B00E3181A685B68049205934B
:10579800C6239B0030003900E518029A039BFCF7EA
:1057A80039FF029A039B06000F0000980199FCF745
:1057B80031FF0B00020039003000FCF721F8942378
:1057C80006000F009B00E11808684968049A059BC9
:1057D800FCF720FF02000B0030003900FCF752FCF8
:1057E800049A059BFBF7F2FBCA2302222860696032
:1057F8009B0055E7B2239B00E3181A685B683000EA
:10580800390002920393FAF72BFE002821D0942343
:105818009B00E3181A685B6804920593C6239B00F3
:1058280030003900E518009A019BFCF7F3FE009A56
:10583800019B06000F0002980399FCF7EBFE0B0092
:10584800020039003000FBF7DBFF962306000F004B
:10585800B8E7B4239B00E3181A685B683000390086
:1058680000920193FAF7FCFD00283FD096239B0095
:10587800E3181A685B6804920593C6239B003000FE
:105888003900E518029A039BFCF7C4FE029A039BB1
:1058980006000F0000980199FCF7BCFE0B000200FF
:1058A80039003000FBF7ACFF982306000F009B007F
:1058B800E11808684968049A059BFCF7ABFE0200EA
:1058C8000B0030003900FCF7DDFB049A059BFBF761
:1058D8007DFBCA230322286069609B00E0E6C0467E
:1058E800BB030020C002002000050020B6239B0057
:1058F800E3181A685B683000390002920393FAF7DC
:10590800AFFD002821D098239B00E3181A685B6834
:1059180004920593C6239B0030003900E518009ACD
:10592800019BFCF777FE009A019B06000F00029886
:105938000399FCF76FFE0B00020039003000FBF7FB
:105948005FFF9A2306000F00B1E7B8239B00E31816
:105958001A685B683000390000920193FAF780FDFD
:10596800002838D09A239B00E3181A685B680492D1
:105978000593C6239B0030003900E518029A039B63
:10598800FCF748FE029A039B06000F000098019955
:10599800FCF740FE0B00020039003000FBF730FF37
:1059A8009C2306000F009B00E11808684968049AC8
:1059B800059BFCF72FFE02000B0030003900FCF7B6
:1059C80061FB049A059BFBF701FBCA2304222860AC
:1059D80069609B0064E6BA239B00E3181A685B6859
:1059E8003000390002920393FAF73AFD002821D0DB
:1059F8009C239B00E3181A685B6804920593C623EE
:105A08009B0030003900E518009A019BFCF702FE64
:105A1800009A019B06000F0002980399FCF7FAFD13
:105A28000B00020039003000FBF7EAFE9E23060057
:105A38000F00B8E7BC239B00E3181A685B683000C6
:105A4800390000920193FAF70BFD002838D09E2305
:105A58009B00E3181A685B6804920593C6239B00B1
:105A680030003900E518029A039BFCF7D3FD029A2F
:105A7800039B06000F0000980199FCF7CBFD0B0073
:105A8800020039003000FBF7BBFEA02306000F0020
:105A98009B00E11808684968049A059BFCF7BAFD61
:105AA80002000B0030003900FCF7ECFA049A059B61
:105AB800FBF78CFACA230522286069609B00EFE592
:105AC800BE239B00E3181A685B6830003900029215
:105AD8000393FAF7C5FC002821D0A0239B00E31804
:105AE8001A685B6804920593C6239B00300039004E
:105AF800E518009A019BFCF78DFD009A019B0600B2
:105B08000F0002980399FCF785FD0B00020039008D
:105B18003000FBF775FEA22306000F00B8E730003F
:105B2800029A039B3900FAF77DFC002800D1B8E5FA
:105B3800C6239B00E518903BE11808684968029A5B
:105B4800039BFBF75DFE32003B00FCF79BFAB1E7D5
:105B5800F0B5002600270022D64B95B01B780A9393
:105B6800D54B1B78049605970B930A9B02960397CF
:105B78005B00C3180F930B9B009601975B00C3183B
:105B88000E9300210F9B09919B5A00980199089345
:105B9800089C099D00196941029C039D0090019190
:105BA8000E99895A08328C46069100210791069869
:105BB800079924184D410294039564465C43E11704
:105BC8000C940D91049C059D0C980D9924184D4139
:105BD8005B431093DB17119304940595109B119C5C
:105BE800F6186741582ACCD1B44C009A019B00980A
:105BF800019926626762A260E360029A039B2261B0
:105C08006361049A059BA261E361FAF769FC069057
:105C1800079102980399FAF763FC0290039104989C
:105C28000599FAF75DFC0022A54BFCF72BFA029ABE
:105C3800039B0090019106980799FCF723FA02004C
:105C48000B0000980199FCF7E5FC009001913000E9
:105C58003900FAF745FC0022994BFCF713FA069A2B
:105C6800079B06000F0010001900FCF70BFA020052
:105C78000B0030003900FCF7CDFC02000B00009847
:105C88000199FBF7BDFD02000B00009001910698F9
:105C98000799A262E362FCF7F5F902000B0002988B
:105CA8000399FCF7B7FC0022854BFBF7A9FD02001E
:105CB8000B000290039122636363009A019B10001A
:105CC8001900FCF7DFF97F4B0022FBF77FF900236F
:105CD800069007917C4E04930E9B049A985AFDF700
:105CE8005DF9029A039BFCF795FC009A019BFCF76F
:105CF800C9F90F9B049A0400985A0D00FDF74EF954
:105D080002000B0020002900FBF760F9069A079BA8
:105D1800FBF776FD04000D000200346075600B008F
:105D280000980199FCF7AEF9029A039BFBF74EF92C
:105D380002000B00B265F365604B644F9A6BDB6B36
:105D480008920993109011910898099922002B0044
:105D5800FCF760FC3B008933FF335C681B680C93DD
:105D68000D94109A119B129013910C980D99FCF7B1
:105D780051FC129A139B04000D0010001900FCF747
:105D880081F92200109011912B0020002900FCF7C6
:105D980079F90B00020010981199FBF717F904F034
:105DA8006FFE3300B03318605960049B083608331F
:105DB8000493582B90D10B9B20335B00FB18588819
:105DC800FDF7ECF8029A039BFCF724FC009A019B70
:105DD800FCF758F90A9B040020335B00FB1858882D
:105DE8000D00FDF7DBF802000B0020002900FBF78F
:105DF800EDF8069A079BFBF703FDA42304000D00AA
:105E08009B00FB181C605D6002000B000098019964
:105E1800FCF738F9029A039BFBF7D8F8A6230A0087
:105E28000090019101009B00FB1819605A600898C6
:105E3800099922002B00FCF7EDFB009A019B040056
:105E48000D000C980D99FCF7E5FB22002B00009043
:105E5800019120002900FCF715F9009A019B040024
:105E68000D0010001900FCF70DF902000B002000CE
:105E78002900FBF7ABF804F003FEA82304000D008B
:105E88009B00FB181C605D603B00E133FF331A6820
:105E98005B68FAF7D1FA00281AD0C623002000213F
:105EA8009B00FB1818605960CA2301229B00FA5412
:105EB80015B0F0BDBA030020BB030020B8030020D2
:105EC800000026400000F03FF0030020C002002040
:105ED8003B00E933FF331A685B6820002900009211
:105EE8000193FAF7A9FA002812D0C6239B002000D4
:105EF8002900FE18009A019BFBF782FC0B00D4498D
:105F0800020008684968FCF7BDF830607160CBE7AB
:105F18003B00F133FF331A685B68200029000292C6
:105F28000393FAF789FA002833D090239B00FB18D3
:105F38001A685B6804920593C6239B002000290019
:105F4800FE18009A019BFCF765FB009A019B040070
:105F58000D0002980399FCF75DFB02000B0020007E
:105F68002900FBF74DFC92239B000D00F918040053
:105F7800049A059B08684968FCF74CFB02000B0073
:105F880020002900FCF77EF8049A059BFBF71EF811
:105F9800BBE73B00F933FF331A685B682000290030
:105FA80000920193FAF748FA002838D092239B0010
:105FB800FB181A685B6804920593C6239B002000AF
:105FC8002900FE18029A039BFCF724FB029A039B04
:105FD80004000D0000980199FCF71CFB0B0002005F
:105FE80029002000FBF70CFC942304000D009B0003
:105FF800F91808684968049A059BFCF70BFB02002E
:106008000B0020002900FCF73DF8049A059BFAF7DD
:10601800DDFFCA230222306071609B0047E78023BE
:106028009B00FB181A685B68200029000292039302
:10603800FAF702FA002821D094239B00FB181A686B
:106048005B6804920593C6239B0020002900FE1874
:10605800009A019BFCF7DEFA009A019B04000D00F0
:1060680002980399FCF7D6FA0B00020029002000D9
:10607800FBF7C6FB962304000D00B8E782239B00BC
:10608800FB181A685B682000290000920193FAF750
:10609800D3F9002838D096239B00FB181A685B6850
:1060A80004920593C6239B0020002900FE18029A3B
:1060B800039BFCF7AFFA029A039B04000D000098BB
:1060C8000199FCF7A7FA0B00020029002000FBF752
:1060D80097FB982304000D009B00F918086849688D
:1060E800049A059BFCF796FA02000B002000290091
:1060F800FBF7C8FF049A059BFAF768FFCA23032237
:10610800306071609B00D2E684239B00FB181A68FC
:106118005B682000290002920393FAF78DF90028A2
:1061280021D098239B00FB181A685B68049205939A
:10613800C6239B0020002900FE18009A019BFCF74B
:1061480069FA009A019B04000D0002980399FCF774
:1061580061FA0B00020029002000FBF751FB9A238B
:1061680004000D00B8E786239B00FB181A685B68DB
:106178002000290000920193FAF75EF9002838D030
:106188009A239B00FB181A685B6804920593C62340
:106198009B0020002900FE18029A039BFCF73AFA9C
:1061A800029A039B04000D0000980199FCF732FA4B
:1061B8000B00020029002000FBF722FB9C230400AF
:1061C8000D009B00F91808684968049A059BFCF7BC
:1061D80021FA02000B0020002900FBF753FF049A64
:1061E800059BFAF7F3FECA230422306071609B0016
:1061F8005DE688239B00FB181A685B68200029006D
:1062080002920393FAF718F9002823D09C239B00E5
:10621800FB181A685B6804920593C6239B0020004C
:106228002900FE18009A019BFCF7F4F9009A019BDB
:1062380004000D0002980399FCF7ECF90B0002002A
:1062480029002000FBF7DCFA9E2304000D00B8E7C4
:10625800000500208A239B00FB181A685B68200051
:10626800290004920593FAF7E7F8002838D09E230E
:106278009B00FB181A685B6800920193C6239B0079
:1062880020002900FE18029A039BFCF7C3F9029A22
:10629800039B04000D0004980599FCF7BBF9020064
:1062A8000B0020002900FBF7ABFAA0239B000D0090
:1062B800F9180400009A019B08684968FCF7AAF9D4
:1062C80002000B0020002900FBF7DCFE009A019B6E
:1062D800FAF77CFECA230522306071609B00E6E570
:1062E8008C239B00FB181A685B6820002900009229
:1062F8000193FAF7A1F8002831D0A0239B00FB18DE
:106308001A685B6802920393C6239B002000290049
:10631800FE18049A059BFCF77DF9049A059B040076
:106328000D0000980199FCF775F902000B00200098
:106338002900FBF765FAA2239B000D00F918040059
:10634800029A039B08684968FCF764F902000B008D
:1063580020002900FBF796FE029A039BB8E720006D
:10636800009A019B2900FAF771F8002800D19FE5EF
:10637800A2239B00FB181A685B6802920393029899
:106388000399C6239B00FE18009A019BFBF738FA75
:10639800009A019B0490059120002900FCF73AF926
:1063A80002000B0004980599D4E7C046F0B5C64B27
:1063B80095B012930300583300221393002305006D
:1063C800040002920393009201932888FCF7E6FDEB
:1063D800049005912088FCF7E1FD02000B00049869
:1063E8000599FBF70DFA04F015FB0C900D916888E0
:1063F800FCF7D4FD069007916088FCF7CFFD0200FA
:106408000B0006980799FBF7FBF904F003FB0E90C5
:106418000F91A888FCF7C2FD08900991A088FCF7A5
:10642800BDFD02000B0008980999FBF7E9F904F093
:10643800F1FA10901191E888FCF7B0FD0A900B91E1
:10644800E088FCF7ABFD02000B000A980B99FBF7FC
:10645800D7F904F0DFFA0E9A0F9B06000F000C988C
:106468000D99FAF7B3FD109A119BFAF7AFFD3200B8
:106478003B00FAF7ABFD0022944BFBF703FE0F003D
:106488000600129930000CC912913900FBF7FAFD89
:1064980002000B0000980199FAF798FD320000906D
:1064A80001913B0030003900FBF7ECFD0B000200C6
:1064B80002980399FAF78AFD139B08340290039116
:1064C8009C4200D081E702000B0000980199FBF77D
:1064D80097F904000D007E4F7E4B1C605D603B1DEC
:1064E800D88FFCF75BFD02000B0004980599FBF7B9
:1064F80087F904F08FFA00900191BB1DD88FFCF743
:106508004DFD02000B0006980799FBF779F904F096
:1065180081FA3B00029003910833D88FFCF73EFDC7
:1065280002000B0008980999FBF76AF904F072FA5F
:106538003B000490059148331888FCF72FFD0200B2
:106548000B000A980B99FBF75BF904F063FA029ABF
:10655800039B0690079100980199FAF737FD049A72
:10656800059BFAF733FD069A079BFAF72FFD0022E1
:10657800564BFBF787FD22002B00FBF783FDC62354
:1065880004000D009B00FE18E03BFB181A685B68CE
:106598003460756000920193F9F74EFF002809D026
:1065A800009B019C33607460CA2301229B00FA544B
:1065B80015B0F0BD90239B00FB1820001A685B689B
:1065C8002900F9F739FF0028EED192239B00FB1828
:1065D80020001A685B682900F9F72EFF0028E3D12C
:1065E80094239B00FB1820001A685B682900F9F7C0
:1065F80023FF002803D0CA2302229B00D7E7962353
:106608009B00FB1820001A685B682900F9F714FF43
:106618000028F0D198239B00FB1820001A685B68BB
:106628002900F9F709FF002803D0CA2303229B0099
:10663800BDE79A239B00FB1820001A685B682900B5
:10664800F9F7FAFE0028F0D19C239B00FB182000E4
:106658001A685B682900F9F7EFFE002803D0CA23FF
:1066680004229B00A3E79E239B00FB1820001A68C6
:106678005B682900F9F7E0FE0028F0D1A0239B0011
:10668800FB1820001A685B682900F9F7D5FE002876
:1066980003D0CA2305229B0089E7A2239B00FB188D
:1066A8001A685B682000290000920193F9F7C4FE7C
:1066B8000028EED1009A019B20002900F9F7C6FEB8
:1066C8000028E6D174E7C046F80400200000D03F57
:1066D800C0020020C8050020F7B55D4B00881A6885
:1066E8005B6800920193FCF759FC5A4C0600231D85
:1066F800D88F0F00FCF752FC02000B003000390065
:10670800FBF77EF8009A019BFBF7BCFCC62306004A
:106718000F009B00E51802000B00009801992E60FD
:106728006F60F9F79DFE002808D0009A019B2A6047
:106738006B60CA2301229B00E254F7BD90239B00A3
:10674800E31830001A685B683900F9F775FE00280D
:10675800EFD192239B00E31830001A685B68390078
:10676800F9F76AFE0028E4D194239B00E31830006F
:106778001A685B683900F9F75FFE002803D0CA235E
:1067880002229B00D8E796239B00E31830001A6882
:106798005B683900F9F750FE0028F0D198239B0078
:1067A800E31830001A685B683900F9F745FE0028DD
:1067B80003D0CA2303229B00BEE79A239B00E31859
:1067C80030001A685B683900F9F736FE0028F0D106
:1067D8009C239B00E31830001A685B683900F9F7BE
:1067E8002BFE002803D0CA2304229B00A4E79E2383
:1067F8009B00E31830001A685B683900F9F71CFE43
:106808000028F0D1A0239B00E31830001A685B68C9
:106818003900F9F711FE002803D0CA2305229B008E
:106828008AE7A2239B00E3181A685B6830003900E6
:1068380000920193F9F700FE0028EED1009A019B1F
:1068480030003900F9F702FE0028E6D175E7C046A6
:10685800F8040020C0020020F7B55D4B5D4C1A68B3
:106868005B68009201934088FCF798FBA31D060023
:10687800D88F0F00FCF792FB02000B0030003900A4
:10688800FAF7BEFF009A019BFBF7FCFBC623060044
:106898000F009B00E51802000B00009801992E607C
:1068A8006F60F9F7DDFD002808D0009A019B2A6087
:1068B8006B60CA2301229B00E254F7BD90239B0022
:1068C800E31830001A685B683900F9F7B5FD00284D
:1068D800EFD192239B00E31830001A685B683900F7
:1068E800F9F7AAFD0028E4D194239B00E3183000AF
:1068F8001A685B683900F9F79FFD002803D0CA239E
:1069080002229B00D8E796239B00E31830001A6800
:106918005B683900F9F790FD0028F0D198239B00B7
:10692800E31830001A685B683900F9F785FD00281C
:1069380003D0CA2303229B00BEE79A239B00E318D7
:1069480030001A685B683900F9F776FD0028F0D145
:106958009C239B00E31830001A685B683900F9F73C
:106968006BFD002803D0CA2304229B00A4E79E23C2
:106978009B00E31830001A685B683900F9F75CFD82
:106988000028F0D1A0239B00E31830001A685B6848
:106998003900F9F751FD002803D0CA2305229B00CE
:1069A8008AE7A2239B00E3181A685B683000390065
:1069B80000920193F9F740FD0028EED1009A019B5F
:1069C80030003900F9F742FD0028E6D175E7C046E6
:1069D800F8040020C002002010B5294B294C1A7871
:1069E800120722D4E278D3B2602A0ED0602B04D8E2
:1069F800102B0ED0502B14D010BD702B0DD0802B27
:106A0800FAD12148FEF7D0FDF6E71F48FFF7A0F8B6
:106A1800F2E71D48FFF760FEEEE71B48FFF7C6FCEC
:106A2800EAE71948FFF718FFE6E71B781B07E3D5E5
:106A3800E278D3B2602A13D0602B09D8102B13D078
:106A4800502B19D008223D34237893432370D3E781
:106A5800702B0DD0802BF5D10C48FEF7A5FDF1E782
:106A68000A48FFF775F8EDE70848FFF735FEE9E74C
:106A78000648FFF79BFCE5E70448FFF7EDFEE1E772
:106A8800FD020020C00200200A030020620300204B
:106A9800F7B53F4B0400DE8F3E4D3000FAF750FA51
:106AA800071C2088FAF74CFA011C381CF9F72EFD50
:106AB8002700268026000190083658373088FAF7D4
:106AC8003FFA0199F9F738FEF9F7D4FC3080083617
:106AD800BE42F3D1AB1DDE8F3000FAF731FA071C46
:106AE8006088FAF72DFA011C381CF9F70FFD27000A
:106AF8006680260001900A365A373088FAF720FA5D
:106B08000199F9F719FEF9F7B5FC30800836BE424D
:106B1800F3D12B000833DE8F3000FAF711FA071C87
:106B2800A088FAF70DFA011C381CF9F7EFFC2700CA
:106B3800A680260001900C365C373088FAF700FAF8
:106B48000199F9F7F9FDF9F795FC30800836B74255
:106B5800F3D148352F883800FAF7F2F9051CE08898
:106B6800FAF7EEF9011C281CF9F7D0FC2500E7809C
:106B7800061C0E355E342888FAF7E2F9311CF9F75D
:106B8800DBFDF9F777FC28800835AC42F3D1F7BD77
:106B9800C4020020C002002010B5074B074C236038
:106BA80002232371064BDB786371FEF7D3F8054B9C
:106BB800D434238010BDC046AA550001D00100205E
:106BC800C002002055AAFFFF142110B5144B154A26
:106BD8009888154C484320601400D888BC34484332
:106BE800206014001889C034484320601400588974
:106BF800C4344843206014009889C834484320604E
:106C08001400D889CC3448432060188AD0324143D4
:106C180011600222383319780A431A7010BDC04631
:106C2800C0020020D001002088020020702210B588
:106C3800044BDA70FFF7B0FFFDF7D0FDFFF7C4FF94
:106C480010BDC046C0020020F8B500F019FBFEF7E1
:106C58007BFCFEF7A9FBFEF7EDFB00F0FFF900F067
:106C680067FA7B4D1E2229007A48FCF77FFFFFF761
:106C7800DDFF7948FDF7ACFB7848FDF75BFB78480A
:106C8800FCF7ACFB0020FDF713F80020FDF728F80F
:106C98000020FDF73FF80020FDF754F80020FDF72D
:106CA80069F80020FDF77EF80020FDF793F8002032
:106CB800FDF7A8F80020FDF7BFF86A4CA2786178C4
:106CC8002078FDF749FB2700062338373E781E4019
:106CD800022E07D11E2229005E48FCF719FF3B78D7
:106CE800B3433B70FDF702FDFDF762FD23003D3322
:106CF8001A78002800D18FE0022219780A4326006A
:106D08001A703D3633789B0700D480E0564B574ABB
:106D180057495848FDF754FD230032783C33520751
:106D280000D58BE01B78DB0723D5626A236A9A4279
:106D38001FD3C6239B00E118002208684968002376
:106D4800F9F76AFB002806D0CA239B00E35C002BF6
:106D580001D1FFF741FE220001213C3213788B4319
:106D6800137022003D32137807318B4313700023D0
:106D7800636226003D3633789B0648D5E26AA36AEB
:106D88009A4244D333781B074AD43B48FFF780FE26
:106D98003A48FFF77DFE23004A33E9881888FEF752
:106DA800C1FB374BE05223004C3329891888FEF782
:106DB800B9FBCB239B00E05223004E336989188826
:106DC800FEF7B0FB2F4BE05223005033A9891888F7
:106DD800FEF7A8FBCC239B00E052230010223D3392
:106DE800197800200A4308211A701A788A431A7001
:106DF8001A7818318A431A70C62200219200A21804
:106E080010605160CA2200239200E362A354FCF789
:106E180063FEFDF7F3F956E702211A788A436EE715
:106E280033781B07B7D51448FFF732FE1348FFF72E
:106E38002FFE0822337893433370ACE701211A7888
:106E48008A431A702022337893433370DFE7C046B1
:106E5800D001002000F800087C010020FC0500207B
:106E680048060020C0020020080300200603002076
:106E780004030020020300200A030020620300200C
:106E88002A0300002E0300001749184B0A785207FE
:106E98000CD55A8F1648013292B25A87824205D9C8
:106EA80004200A7882430A70124A5A871A003D322F
:106EB8001278920717D51A003C321278D20702D5F9
:106EC8005A6A01325A621A003D321278920602D585
:106ED800DA6A0132DA621A003E321278D20902D036
:106EE8005A6B01325A637047FD020020C00200202D
:106EF8004F4600005046000072B6FEE701210A4BDB
:106F080082B01A6C0A431A641A6C0A4080210092F3
:106F1800009ADA6B49050A43DA63DB6B0B4001938D
:106F2800019B02B07047C04600100240FEE7FEE732
:106F38007047704710B50120FCF71CFFFDF78AFA6F
:106F4800FCF750FDFCF7F0FF084C23780133DBB267
:106F58002370642B03D9FFF797FF0023237000F0F9
:106F6800A3F90020FCF706FF10BDC046F805002075
:106F780010B5024802F01AF910BDC046FC05002001
:106F8800064810B503689A69E023DB001A4202D06C
:106F980001F084F910BD00F0B5FDFBE77C0100208D
:106FA80010B5024802F0DAFD10BDC04648060020C0
:106FB8007047000007B50B4B02689A4210D10221B6
:106FC800094B1020DA6B0A43DA630022DB6B0B40B3
:106FD80001931100019B00F079F9102000F0A0F94D
:106FE80007BDC046000400400010024030B5040050
:106FF80089B01422002103A803F0CFFC144B2268A7
:107008009A4223D101240225124BA0205A6B03A9CE
:1070180022435A635A6BC00522400192019A5A6B67
:107028002A435A635B6B04952B400293029BC0234F
:107038000794039300F002FB0023074803A9039475
:10704800049505930693079400F0F8FA09B030BD4B
:1070580000040040001002400004005030B58FB01A
:107068001022002103A803F098FC0C220021684696
:1070780003F093FC1C22002107A803F08EFC294C86
:10708800294B2A4D2360002320006360A360E5603C
:107098002361A36102F07AF9002801D0FFF72CFFE1
:1070A800802320005B0103A9039302F091FA0028D2
:1070B80001D0FFF721FF200002F092F9002801D04B
:1070C800FFF71AFF0023694620000093029302F09D
:1070D800ABFB002801D0FFF70FFF00226023200040
:1070E80007A90793089509920B9202F0DFF9002887
:1070F80001D0FFF701FF0422200007A902F0D6F90A
:10710800002801D0FFF7F8FE0822200007A902F0A6
:10711800CDF9002801D0FFF7EFFE2000FFF766FF4A
:107128000FB030BDFC05002000040040FF03000044
:107138000D480E4B10B5036096239B010021436058
:107148000C230A0043610B008160C1600161816109
:10715800C16101624162816203F0D6FB002801D05F
:10716800FFF7CAFE10BDC046480600200044004094
:1071780010B5040088B01422002103A803F00DFC08
:10718800144B22689A4223D18021134B8902DA6B6F
:10719800A0200A43DA63DA6BC0050A400192019A1B
:1071A8000122596B114359635B6B03A91340029386
:1071B800029B0E2303930C3B0493079200F03EFAC4
:1071C80000221C20110000F081F81C2000F0A8F813
:1071D80008B010BD00440040001002400D4885462C
:1071E800FFF7E6FE0C480D490D4A002302E0D4588B
:1071F800C4500433C4188C42F9D30A4A0A4C0023F9
:1072080001E013600432A242FBD303F0D5FBFFF781
:107218001BFDFEE700200020000000209400002055
:1072280048B300089800002034080020FEE700005A
:1072380070B5104B05001978002901D1012070BDE7
:10724800FA208000F8F762FF0B4C01002068F8F77D
:107258005DFF00F071F8041EF0D1032DEED8020096
:1072680001202900404200F031F8044B20001D6045
:10727800E5E7C046040000200000002008000020C8
:107288008023084A5B00116810B50B430320136084
:10729800FFF7CEFF041E03D1FFF730FE200010BD1C
:1072A8000124FBE700200240034A044B11681B78C5
:1072B8005B1813607047C046DC06002004000020FD
:1072C800014B18687047C046DC06002010B5FF2443
:1072D80003220B0021000240D20091409B01234071
:1072E800C943934000280ADBC0240B4A8008800069
:1072F8008018A40002590A401343035110BD0F22FD
:1073080010400838054A800880008018C26911407A
:107318001943C161F2E7C04600E100E000ED00E07A
:10732800002805DB1F2318401E3B8340014A1360D9
:107338007047C04600E100E08022431E520401204D
:1073480093420DD2C021074A07485360036A0906D1
:107358001B021B0A0B430362002007239060136083
:107368007047C04610E000E000ED00E0F0B50028EE
:1073780008D0841DE37F411D022B05D00423C3637D
:107388000023CB770120F0BD0E250268466C1368F8
:10739800AB4313603368104D2B40336001231668EC
:1073A8009E431660026C1B331A401B3B93400B4EE6
:1073B80077683B437360C26C836C5A60036D002B23
:1073C80005D01A682A401A60436D826D5A600123FD
:1073D8000020E377C877D6E7FFFEFFFF00000240F2
:1073E800F8B5811DCB7F022B03D00423C363012092
:1073F800F8BD0E2402681C271368456CA34313606C
:10740800012314689C4314602A68104C22402A60A7
:10741800026C0F4D3A4093406E6833436B60C26C08
:10742800836C5A60036D002B05D01A6822401A60DD
:10743800436D826D5A6001230022CB77431DDA77B2
:10744800836B934200D098470020D1E7FFFEFFFFEF
:10745800000002400630C07FC0B270470020054BD4
:107468005A69824205DA044A9A60044A9A6058695D
:10747800C00F70470020024023016745AB89EFCD5C
:10748800014B58687047C046E0060020F8B5040074
:10749800FFF716FF802706007F02144D2B693B4239
:1074A80016D12A69124B11001248194028611A4254
:1074B80017D18027FF022B69180038403B420FD0B4
:1074C800631CF8D0FFF7FCFE801BA042F3D306E054
:1074D800631CE3D0FFF7F4FE801BA042DDD303203A
:1074E800F8BD054B01205960FAE7C046002002406C
:1074F800FA830000FB830000E0060020F7B5174E72
:107508000193337804000D0002200092012B1ED055
:107518000123FA203370002380007360FFF7B6FF61
:10752800002812D10E4F012C12D17B6923437B61B5
:10753800009B2B60BFF36F8F019B6B60FA2080006C
:10754800FFF7A4FF7B69A3437B6100233370FEBD73
:107558002800009903F038FEF0E7C046E006002056
:1075680000200240FA2010B58000FFF78FFF80222C
:10757800044B120659690A435A615869C043C00F3F
:1075880010BDC04600200240044A05485369C9009E
:1075980003401943034B0B435361704700200240DB
:1075A80007E0FFFF02000100F7B5214F05003B7817
:1075B80002240191012B1AD00123FA203B700023E9
:1075C80080007B60FFF762FF041E0ED104236B600E
:1075D8002B68042B0DD1FA20164A174B51698000ED
:1075E8000B435361FFF752FF040000233B70200058
:1075F800FEBD0123019A5B421360AE68AB68EA687E
:107608009B18B3420CD968683100FFF7BDFFFA2018
:107618008000FFF73BFF002808D00400019B1E6094
:107628000221044A53698B435361DEE70136E5E7DB
:10763800E006002000200240040001000023F0B50D
:1076480085B00A681400DC4001D105B0F0BD012501
:1076580014009D402C4000942A4200D191E04A68D1
:107668005F0094460322644622400324BC40E4435E
:107678000194541E012C2ED88668019C2640CC68A3
:10768800BC403443846044680126AC43250064460A
:10769800240934409C402C434460C568019C254023
:1076A8008C68BC402C43C460022A16D107250F26DB
:1076B8001D40AD00AE40DC08A40004190294246A01
:1076C80003962600039CA64334000E69AE40264369
:1076D800029C266201E0032ADFD1BA400468019DBA
:1076E80025402A43C02402606246A402224248D0B0
:1076F800254A03259C08A400A4180F221D40ED006C
:10770800AA40A027266EFF0596430022B8420CD057
:107718001E4F0132B84208D01D4F0132B84204D082
:107728001C4F0332B84200D1023AAA40674632439E
:107738002266154C009A2668009DD2433543FF0205
:1077480001D435001540674625606668009D3543BD
:10775800BF0201D435001540674665600E4C009D98
:10776800E66F3543BF0301D4350015406746E5672A
:107778000A4C009EE56F2E43FF0301D415402E00EE
:10778800E66701335DE7C046001802400004005078
:1077980000080050000C005008180240041802406D
:1077A800002A01D0816170478162FCE703689A6909
:1077B800920701D500229A6201229969114202D1E9
:1077C80099690A439A61704730B5039C006823435E
:1077D800120489051A43890D054B45680A43640D4F
:1077E800234352009D4352082A43426030BDC0469D
:1077F800FF63FF0310B5426B1A4C0BB2A2421ED0B6
:10780800194CA2421BD0194CA24218D0B822F2241B
:10781800DB171A40CB07DB17234013438A0706D52B
:10782800F422134301680A6813430B6010BD102942
:1078380001D19022F5E72029F4D10B43F2E7B822D1
:10784800F224DB171A40CB07DB17234013438A07C0
:10785800E6D41029EDD0202901D16022E1E74029A2
:10786800EBD0DFE781800008C5840008257F000889
:10787800002310B5CA0708D5030041331A78282316
:107888001A40CA33282A00D1B03B8A0708D502001B
:107898002824413212782240A2420BD144221343B9
:1078A80009B2002901DAB822134301680A689A4329
:1078B8000A6010BDF422F2E770B504000120002C24
:1078C8004ED0250041352B78DAB2002B05D12300A4
:1078D800403320001A70FDF7DBFD242301212B70B3
:1078E8002368E0681A68A6688A431A601D496268B6
:1078F8000A401A619A681C490A409A60012807D10F
:107908008022120232439A605A681848024009E0FD
:107918008422120232439A600228F5D180225868E4
:10792800120102435A605868114A02435A60DA68E1
:1079380000200A40DA60616922690A43A1690902E4
:107948000A43DA60216AE2690A431A600122196867
:107958000A431A60202360642B702063423420702D
:1079680070BDC046FFFFFFF0FF7FFFFFFFF7FFFF7F
:1079780000800002F0B5060087B003930CAB0292BA
:1079880004CB41361B880492059333780400022007
:10799800202B08D1002A02D0059B002B05D180237B
:1079A80001209B00636407B0F0BD236880279869B5
:1079B8003F0284460500624602203D403A42F2D129
:1079C800270040373A78012AEDD001383870203046
:1079D800307020004026049A423006706262059A90
:1079E80065646285134A2585E262134AE16462632D
:1079F8006A46107A039A012A16D1986201235B42DB
:107A080023656B461A7B0D4B2000009380235B0493
:107A1800FFF7DAFE230000254033200001211D7006
:107A2800FFF7E8FE2800BEE7029A120A9A6220656C
:107A3800E7E7C0460000FFFF8981000800200080BA
:107A4800F0B5060087B003930CAB20CB02921B88DD
:107A580041360493337804000220202B08D1002DEE
:107A680002D0049B002B05D1802301209B00636476
:107A780007B0F0BD2368802798693F0284466246B4
:107A88003840059002203A42F2D1270040373A7830
:107A9800012AEDD00138387021303070200040269E
:107AA800059A423006706264049A65626285124AD9
:107AB800E262124AE16462636A46107A039A012A12
:107AC80015D1986201235B4223656B461A7B0C4BE8
:107AD800200000930023FFF777FE230000254033A2
:107AE800200001211D70FFF785FE2800C0E7029ADB
:107AF800120A9A622065E8E70000FFFF8981000802
:107B080000200080036810B599691A68436B002B40
:107B180000D0984710BD70477047030070B5002526
:107B28002022060042331D70013B197804004036BC
:107B38001A7021290AD11123456303632039FFF7FD
:107B480097FE20003570FFF7E6FF70BD12234563EE
:107B580003630221FFF78CFE20003570FFF7DCFF7E
:107B6800F3E77047704700000100036810B5040090
:107B780000201A6842310870510418D51A6818494B
:107B88000A401A60230041331A78292A14D1013A8D
:107B98001A702123200023630121FFF769FE2300C7
:107BA8000022403320001A70FFF7DBFF10BD1204DB
:107BB800E8D51A680B49E3E71A782A2AF6D1023A77
:107BC8001A702223200023630221FFF751FE2300AD
:107BD8000022403320001A70FFF7C4FFE6E7C046D2
:107BE800FFBFFFFFFF7FFFFF70470300F7B52822A5
:107BF80041331B7804000168134093423CD1FE27AF
:107C08008D698E698B68CA68ED030192C268360C6B
:107C1800ED0F3E40022A25D19B059A0D5B0F73405C
:107C2800180006263040334210D1A36C0133A364F8
:107C3800A36C022B09D19B19A064CB6123004033AC
:107C4800187029002000FFF7CFFFF7BD8021200022
:107C58000902FFF70DFE2300002240331A70019A33
:107C68003A40EEE780210902FFF702FE23000022D6
:107C780040331A703200E4E70823CB610023403414
:107C88002370E2E770470000184B10B5C362002369
:107C98000200036304002020413210705370042254
:107CA8006363114212D02368596A636A1970636A60
:107CB80001336362238D002B08D0013B2385638D3C
:107CC800013B9BB26385636C1A43626420000849D8
:107CD800FFF7CEFD102223682000DA61230000227E
:107CE80040331A70FFF7CEFF10BDC0460000FFFFFB
:107CF80003800000704770470100020010B5413151
:107D08000C7800234032602C06D1403C0C70036391
:107D18001370FFF7F0FF10BD03631370FFF7EAFF5E
:107D2800F9E7000070B50500002204004135423033
:107D38002B7802703A48283BE0626285626C0A43FD
:107D48006264022B2BD803212000FFF791FD282322
:107D58002B70344BA06B6363236B002840D01A0050
:107D68001021113A8A433BD123681A68520403D57B
:107D78001A682D490A401A60FFF76CFB01282BD0BE
:107D8800A06B2A4B00228363230040331A70FFF74D
:107D980027FB002823D0A06B836B98471FE02000A7
:107DA8002349FFF765FD2000FFF700FD2B78602BC6
:107DB80010D020222A702368996911420AD0996943
:107DC800103A114204D0DA61616C0C3A0A436264D9
:107DD8002022DA610023BDE72000FFF78DFF70BD88
:107DE800E06B0028F8D01022123B9343F4D12368AB
:107DF8001A68120403D51A680E490A401A60FFF778
:107E080029FB0128E8D0E06B084B0022836323009C
:107E180040331A70FFF7E4FA0028E0D0E06BBBE7C4
:107E28000000FFFFD1850008FFBFFFFFED860008B7
:107E380003800000FF7FFFFFF7B5202305000668D9
:107E48004135F3612B7804000F00212B2BD1012140
:107E5800FFF70EFD1123236373682E4A13407360E6
:107E6800002363632C4BE36210231F4204D0F361A9
:107E7800626C0C3B134363642B78602B05D17F073E
:107E880003D5736ADBB20193019B2000FFF78EFCD8
:107E9800636C2A78602A01D0002B0CD02000616C1A
:107EA800FFF740FFF7BD2B78222BD5D10221FFF732
:107EB800DFFC1223CFE72A78212A13D1013A2A704E
:107EC80022002100236342321078403113700B7076
:107ED800402803D12000FCF7D5FAE3E72000FFF79C
:107EE8001AFEDFE72A78222ADCD1023A2A70220019
:107EF8002100236342321078403113700B70402800
:107F080003D12000FCF7D8FACCE72000FFF704FEE5
:107F1800C8E7C04600E800FE0000FFFFF7B506000E
:107F28004036337804000220012B15D0012333702A
:107F38000F33194211D01A420FD022682000D361A2
:107F4800626C0C3B134320216364FFF753FC200051
:107F5800FFF72CFC00203070FEBD0223194208D028
:107F68001A4206D02368226D9A6201235B42236578
:107F7800F0E740250B063BD52A4239D001212000E5
:107F8800FFF776FC10212000FFF734FC638D002BEF
:107F980029D0638DFF2B1BD90023BF35E16C2585C4
:107FA800009380232A0089B25B042000FFF70CFCB1
:107FB800638D5B1B9BB26385230041331A7823686A
:107FC8001968222A47D1802212020A431A60C1E79F
:107FD8000023658DE16CADB2258500938023EAB25C
:107FE80089B29B04E1E729002000FFF79BFEB1E777
:107FF800294233D02A4231D0270001212000FFF73F
:1080080037FC413710212000FFF7F4FB3B78223B77
:108018005A425341174A9B029B18628DFF2A10D976
:10802800FF25E16C2585009380232A0089B25B0433
:108038002000FFF7C9FB638D5B1B9BB263853A7811
:10804800BDE7658DE16CADB2258500938023EAB26A
:1080580089B29B04ECE78022D201B6E720231942BB
:1080680000D177E71A4200D174E72000FFF7E4FE59
:1080780070E7C04600200080F7B5070040373B781E
:1080880004000220012B15D001233B700F33194245
:1080980011D01A420FD022682000D361626C0C3BC9
:1080A800134320216364FFF7A5FB2000FFF77EFB45
:1080B80000203870FEBD4023080641D51A423FD043
:1080C800266832689A433260638D002B2CD0716821
:1080D800638D8905890DFF2B17D9FF2580232585F9
:1080E8005B040020EAB200902000FFF76DFB638D6F
:1080F8005B1B9BB26385413423783268222B10D1F5
:1081080080231B0213433360D2E7658D1B4BE26A61
:10811800ADB225859A4201D0E36AE2E780239B0449
:10812800DFE78023DB01EDE773689B0103D42000C0
:10813800FFF7F3FCBCE740212000FFF7F3FDB7E7AA
:10814800194212D01A4210D0638D002BF3D1226845
:1081580053689B01ACD4E16A084B9942E7D180236C
:108168005168DB010B435360A2E7202319429FD0DB
:108178001A429DD02000FFF75FFE99E70000FFFF3D
:10818800F7B5070040373B7804000D0016000220C1
:10819800012B1AD001233B700F33194216D01A4213
:1081A80014D022682000D361626C0C3B13436364D3
:1081B800FFF7FCFA20231D4205D01E4203D02900F8
:1081C8002000FFF739FE00203870FEBD04231D4251
:1081D80011D01E420FD09D4323685A6A636A1A70F1
:1081E800636A01336362238D013B2385638D013B01
:1081F8009BB26385DEE702231D420FD01E420DD0DD
:10820800236D2268013303D1636A19789162E8E724
:10821800236D936201235B422365CBE740232A0643
:108228001AD51E4218D0638D002B10D0238D002B39
:108238000DD1628DFF2A25D9FF22E16C228500939A
:10824800802389B25B042000FFF7BEFAB2E7402121
:108258002000FFF767FDADE71D42ABD01E42A9D055
:1082680001212000FFF704FB02212000FFF7C2FADA
:10827800230041331B78223B5A425341064A9B0252
:108288009B18D6E7628DE16C92B222850093802319
:10829800D2B289B29B04D6E70020008070B5802551
:1082A80003686D0099691A68294206D0140604D536
:1082B8000124466C34434464DD618025ED00294285
:1082C80006D0140604D50824466C34434464DD61A2
:1082D8008024A400214206D0120604D50222416C53
:1082E8000A434264DC610B23416C194201D0FFF759
:1082F80019FD70BDF7B5056806002B684136009377
:10830800C36A04000193202330780F002138EB6101
:1083180009280CD8F7F7F0FE05680B0B0B0B0B6E52
:10832800056820005D49FFF7A3FA21232363802213
:108338006B68120213436B606B68594A2000134044
:108348006B60FFF733FA009B5B0459D52B68554ADD
:1083580013402B60A36B002B03D01B685B689BB298
:10836800638504231F420FD06A6A9F43636A1A70A9
:10837800636A01336362238D002B05D0013B23859B
:10838800638D013B9BB26385638D002B03D004236F
:10839800626C1343636410231F4211D0009A1A427F
:1083A8000ED0628D002A49D13378282B33D180230F
:1083B800019A9B049A422ED139002000FFF764FCF1
:1083C8002300002242331A70656C6263954244D0E0
:1083D8002000616CFFF7A6FC3378282B03D1390005
:1083E8002000FFF751FCF7BD20002F49FFF740FAA6
:1083F80022239BE720002D49FFF73AFA002395E74F
:108408008022009B12021342ABD02B68284A1340EB
:108418002B60E36B9FE731781022236829290BD161
:1084280024490198884207D02000DA61FFF7BEF995
:108438002000FFF799FBC3E7DA61C1E72268D3613F
:108448000423626C13436364019A1B4B1A42B7D12D
:108458002000616CFFF766FCB2E72700E36A154A63
:10846800403793420CD02000FFF77EFB2023114AAF
:108478002000E262337025633D70FFF703FCB2E72A
:10848800202332782000337025633D70222A02D1E0
:10849800FFF768FBA7E7FFF764FBA4E7018000008C
:1084A80000E800FEFFBFFFFF02800000038000001D
:1084B800FF7FFFFF0000FFFFFFFFFFFEF8B505008D
:1084C80040352E780400C36A0220012E0BD00138F3
:1084D80028701F30014207D0024205D02000FFF764
:1084E80009FF00202870F8BD102631425ED03242C4
:1084F8005CD080273F0250043A401700C00F074362
:1085080051D0E66B002E1DD0002A03D03268526885
:10851800564272412600A76B4136002F05D000282D
:1085280003D038684068002801D0012A1CD132786D
:10853800282A09D180229204934205D12000FFF70E
:10854800A3FBCEE73200E5E7102130782268D1613D
:108558002928C6D11A488342C3D02000FFF726F93C
:108568002000FFF701FBBCE710212268D16104223B
:10857800616C0A4362643078124AC0B21342B0D1C7
:108588002138092808D8F7F7B7FD050C07070707AA
:108598000707050C212323632000616CFFF7C2FB4A
:1085A8009FE72223F7E72368DE619AE70823194249
:1085B80097D01A4200D194E72000FFF716FB90E706
:1085C8000000FFFFFFFFFFFE70B5050040352E7865
:1085D8000400C36A0220012E0BD0013828701F3016
:1085E800014207D0024205D02000FFF783FE002099
:1085F800287070BD102001422FD002422DD0628D0C
:10860800002A1CD1220041321078282807D1802066
:108618008004834203D12000FFF736FBE7E71021EF
:1086280010782268D1612928E1D12C488342DED014
:108638002000FFF7BBF82000FFF796FAD7E722687B
:10864800D0610422616C0A436264254A1342CED188
:108658002000616CFFF766FBC9E70420014219D0CE
:10866800024217D0628D002A0DD02268516A626AD0
:108678001170626A01326262228D013A2285628D2E
:10868800013A92B26285628D002AB0D1134A9342B0
:10869800ADD0D0E70820014205D0024203D0200027
:1086A800FFF7A3FAA3E702200142A0D002429ED01E
:1086B800628D002A0DD0636A2268197801339162AD
:1086C8006362638D013B9BB26385238D013B2385E8
:1086D8008DE7034A134200D089E7ACE70000FFFFAB
:1086E800FFFFFFFE806A10B5836B002B01D00022CC
:1086F8009A63C36B002B01D000229A63FFF7FCFA40
:1087080010BD0000F0B504004134227803000F00CA
:108718000220D6B2202A18D11D0040352A78012A15
:1087280013D0242222701B68233A19680748914302
:1087380019601968014000201960196839431960E7
:1087480019680A431A6026702870F0BDFFEFFFFF12
:108758000200F0B5413214780300E5B20220202C63
:1087680017D11C0040342678012E12D02230107008
:108778001B6823381E68074F86431E601E6809025F
:108788003E4031431960196808431860002015708D
:108798002070F0BDFFF0FFFF10B5114C11492368A0
:1087A80002000B4003432360802300209B009A4271
:1087B8000ED10D4B0D49186806235843F7F7A6FC50
:1087C8008022431CD200616908001040114200D188
:1087D80010BD002B01D0013BF5E70320F8E7C046A8
:1087E80000700040FFF9FFFF0000002040420F002A
:1087F800F0B5040085B0002802D1012005B0F0BD15
:108808000368DB0710D423689B075CD423681B0725
:1088180000D5C1E023685B0700D5F2E0E369002BCF
:1088280000D079E10020E9E73822AF4DAB6813406A
:10883800EA68102B09D1D3439B0708D12B689B0307
:10884800E1D56368002BDED1D7E7082BF6D080226C
:1088580063685202934211D12A6813432B60FEF7D2
:108868002FFD80270600BF022B683B42CBD1FEF7C5
:1088780027FD801B6428F7D90320BFE7A021C90280
:108888008B4208D180232968DB020B432B602B68BD
:108898001A432A60E3E72A6894490A402A602A684A
:1088A80093490A402A60002BD9D1FEF709FD802799
:1088B8000600BF022B683B42A5D0FEF701FD801BD6
:1088C8006428F7D9D8E73822874DAB681340EA689F
:1088D800102B28D103210A40022A26D12A685205E2
:1088E80003D5E268002A00D187E769686269814890
:1088F800120201400A436A60002B0CD12B687E4AA1
:108908007E491340226913432B602B687C4A9B04E1
:108918005B0FDA400A607B4B1868FEF789FC002879
:1089280000D173E769E7002BD8D0E368002B20D08B
:108938002B68714A802713402269FF0013432B607C
:1089480080232A685B0013432B60FEF7B9FC0600FE
:108958002B683B4207D06A68636966491B020A4074
:1089680013436B6052E7FEF7ABFC801B0228EFD97C
:1089780082E72B68644A802713402B60FEF7A0FC2F
:108988000600FF002B683B4200D13FE7FEF798FC4A
:10899800801B0228F6D96FE73822534DAB68134085
:1089A800182B08D12B6E9B0700D433E7A369002B43
:1089B80000D02FE721E7A2690123002A10D02A6EF0
:1089C800022713432B66FEF77BFC06002B6E3B4207
:1089D80000D01FE7FEF774FC801B0228F6D94BE78E
:1089E8002A6E02279A432A66FEF76AFC06002B6E57
:1089F8003B4200D10EE7FEF763FC801B0228F6D944
:108A08003AE73822384DAB681340202B08D1EB6D7C
:108A18009B0700D402E7A368002B00D0FEE6ECE633
:108A280080220021EB6B52050091134208D1EB6BB9
:108A38001343EB63EB6B13400393039B01230093F6
:108A48008027324E7F0033683B4215D0A368012B44
:108A580022D1EA6D1343EB65FEF732FC02270600CC
:108A6800EB6D3B4238D0009B012B00D0D6E6EB6B78
:108A7800274A1340EB63D1E633683B433360FEF784
:108A88001FFC019033683B42E0D1FEF719FC019BC3
:108A9800C01A0228F6D9EFE6EA6D052B05D1013B8D
:108AA8001343EB65EA6D0123D4E701218A43EA65A4
:108AB800EA6D03318A43EA65002BCDD1FEF700FC4D
:108AC80002270600EB6D3B42CDD0FEF7F9FB114BB8
:108AD800801B9842F6D9CFE6FEF7F2FB0D4B801BC0
:108AE8009842BDD9C8E6C04600100240FFFFFEFF0D
:108AF800FFFFFBFFFF80FFFFFFC7FFFF0000002015
:108B08000024F40008000020FFFEFFFF0070004072
:108B1800FFFFFFEF8813000038213F4DAA680A4085
:108B2800102A51D03D4A022B38D12B688027134098
:108B38002B60FEF7C5FB0600BF042B683B4227D11C
:108B4800616A236AEA680B43354980260A40134361
:108B5800E26AB6041343226B1343A26A1202134358
:108B6800EB6080232A685B0413432B608023EA6848
:108B78005B051343EB60FEF7A3FB04002B6833424D
:108B880000D04FE6FEF79CFB001B0228F6D973E6DF
:108B9800FEF796FB801B0228CFD96DE62B6880264E
:108BA80013402B60FEF78CFB0400B6042B6833429D
:108BB80004D1EB681B4A1340EB6033E6FEF780FBF9
:108BC800001B0228F2D957E6012B00D115E6032233
:108BD800E868216A02408A4200D00EE67022616A83
:108BE80002408A4200D008E6FE21A26AC90101407B
:108BF8001202914200D000E6F822E16A9203024094
:108C08008A4200D0F9E5236B400F4007C01A431E83
:108C18009841C0B2F2E5C04600100240FFFFFFFED7
:108C28008C80C11FFCFFFEEF382370B51D4CA26875
:108C38001A4205D123681C489B045B0FD84070BDBD
:108C4800A2681A40082A27D0A2681A40102A17D109
:108C5800E368E168DB43E5684906490F6F322D0A8E
:108C6800013115409B0709D11048F7F74FFAE16821
:108C78006843490F0131F7F749FAE0E70A48F4E792
:108C8800A2681A40202A09D0A26800201340182B95
:108C9800D5D1FA20C001D2E70448D0E780200002ED
:108CA800CDE7C046001002400024F40000127A000C
:108CB800F7B504000D00002801D10120FEBD0727EB
:108CC800484E33683B408B422AD3226893073BD4F3
:108CD800D20748D4072733683B40AB420AD93368E8
:108CE800BB432B433360FEF7EBFA019033683B40FC
:108CF800AB4268D123683C4D5B076CD4FFF794FF07
:108D0800AB683A491B051B0F9B005B581F210B40A2
:108D1800D840374A374B10601868FEF789FACDE714
:108D28003368BB430B433360FEF7CAFA01903368DC
:108D38003B40AB42C9D0FEF7C3FA019BC01A2E4B89
:108D48009842F4D90320B9E72749530704D5E0230B
:108D58008868DB0103438B608B6828480340A06860
:108D680003438B60B4E760681F4F032829D8F7F7DF
:108D7800C3F920021C243B689B039ED50722BB68CD
:108D880093430343BB60FEF79BFA01903823BA680C
:108D98001A406368DB009A429CD0FEF791FA019B67
:108DA800C01A154B9842F1D9CCE73B689B01E5D432
:108DB80083E73B685B05E1D47FE73B6E9B07DDD427
:108DC8007BE7FB6DFAE7FEF77BFA019BC01A0A4BBB
:108DD80098428BD9B6E7AB68094A1340E268134357
:108DE800AB608BE70020024000100240D0B20008C0
:108DF800000000200800002088130000FFF0FFFF9B
:108E0800FF8FFFFF064B07499B68074A5B045B0F10
:108E18009B005B581F2110680B40D8407047C04624
:108E280000100240B0B2000800000020F0B503684E
:108E3800050085B000209B0351D58022484C52057F
:108E4800E36B0090134208D1E36B1343E363E36BD6
:108E580013400393039B012300938027414E7F0017
:108E680033683B433360FEF72BFA019033683B428B
:108E780027D0E26DC02311009B003B4E19401A42D7
:108E880018D06B69994215D08022E36DE06D190006
:108E980052020243E265E26D344831400240E26525
:108EA800E165DB0706D5FEF70BFA07000222E36D42
:108EB80013424DD0E36D6A69334013430020E365E4
:108EC80006E0FEF7FDF9019BC01A0228CED903205F
:108ED800009B012B03D1E36B254A1340E3632A6807
:108EE800D30706D503241E494B6DA3436C6823435F
:108EF8004B65930606D51A491E4C4B6D2340AC684A
:108F080023434B6553040FD515492C694B6D9B00C2
:108F18009B0823434B658023DB059C4204D18023B7
:108F2800CC685B022343CB6012050FD50C4A124C68
:108F3800536DE96823400B4353658023DB01994255
:108F480004D18023D1685B020B43D36005B0F0BD28
:108F5800FEF7B6F9094BC01B9842A7D9B7E7C04638
:108F68000010024000700040FFFCFFFFFFFFFEFF03
:108F7800FFFFFFEFFFCFFFFFFF3FFFFF881300005A
:108F880070B50124036A026AA24302624468124A65
:108F9800856915400A681543022293438A6813437A
:108FA8000E4A904205D00E4A904202D00D4A904295
:108FB8000BD108229343CA688E6913430422934352
:108FC800094A22404C69344314434A684460856125
:108FD8004263036270BDC0468CFFFEFF002C014057
:108FE8000044014000480140FFFCFFFF70B5174AEC
:108FF800056A036A134003624268154BC4691C4042
:109008000B681C43134B1D408B681B022B43124DEE
:10901800A8420ED1114D1D40CB681B022B43104DA9
:109028002B40104D8E6915404A69324312012A437C
:1090380005E00D4DA842F4D00C4DA842F1D0426095
:109048004A68C461C263036270BDC046FFFEFFFF89
:109058008CFFFEFFFFFDFFFF002C0140FFF7FFFF25
:10906800FFFBFFFFFFCFFFFF004401400048014026
:1090780030B5124A046A036A114D1340036243680B
:10908800C2692A400D682D0215430E4A14408A68A9
:10909800120322430C4CA04205D00C4CA04202D033
:1090A8000B4CA04204D10B4C1C404B699B01234341
:1090B80043604B68C5610364026230BDFFEFFFFF88
:1090C800FF8CFFFEFFDFFFFF002C01400044014042
:1090D80000480140FFBFFFFF70B5066A104C036AE5
:1090E800104A234003624368456D15400A681543DA
:1090F8000D4A16408A68120432430C4EB04205D01D
:109108000B4EB04202D00B4EB04203D11C404B690B
:109118001B02234343604B6845658365026270BD4B
:10912800FFFFFEFF8FFFFEFFFFFFFDFF002C01404A
:10913800004401400048014030B5124A046A036AFD
:10914800114D134003624368426D2A400D682D0299
:1091580015430E4A14408A68120522430C4CA0425B
:1091680005D00C4CA04202D00B4CA04204D10B4CB1
:109178001C404B699B02234343604B684565C365AC
:10918800026230BDFFFFEFFFFF8FFFFEFFFFDFFF33
:10919800002C01400044014000480140FFFFFBFF54
:1091A80070477047704770477047704702220368DE
:1091B80070B5DD681E69040016420DD015420BD04B
:1091C800053A1A61043202779B699B0700D17CE05B
:1091D800FFF7E9FF0023237704231E4212D01D4224
:1091E80010D00522236852421A61073222779A6901
:1091F800C0239B0020001A4200D16CE0FFF7D3FF88
:109208000023237708231E420FD01D420DD00922C8
:10921800236852421A610D322277DB6920009B07CE
:109228005FD0FFF7C0FF0023237710231E4211D021
:109238001D420FD01122236852421A611932227737
:10924800DA69C0239B0020001A4250D0FFF7ABFF19
:109258000023237701231E4208D01D4206D0022294
:109268002368524220001A61FFF79BFF82239B016B
:109278001E4207D02B0605D52368204A20001A6114
:1092880000F003FBF30507D52B0605D523681C4A18
:1092980020001A6100F0FAFA40231E4208D01D424D
:1092A80006D041222368524220001A61FFF77DFF51
:1092B80020231E4208D01D4206D021222368524294
:1092C80020001A6100F0E0FA70BDFFF76BFF200084
:1092D800FFF76AFF7EE7FFF765FF2000FFF764FFEF
:1092E8008EE7FFF75FFF2000FFF75EFF9BE7FFF7C2
:1092F80059FF2000FFF758FFAAE7C0467FDFFFFFAE
:10930800FFFEFFFF10B51B4C0368A0420AD01A4AA3
:10931800904207D0194A904209D1194A1A40CB689D
:1093280013430AE0702293434A681343F5E7154A4A
:109338009042F2D0144A9042EFD0802293434A6977
:10934800134303608B68C3620B688362A04205D035
:109358000C4B984202D00C4B984201D10B69036325
:10936800012242610369134202D0036993430361F6
:1093780010BDC046002C0140000400400020004001
:10938800FFFCFFFF004401400048014070B50400A5
:109398000120002C23D025003D352B78DAB2002B94
:1093A80005D123003C3320001A70FDF703FE022389
:1093B8002B702068211DFFF7A5FF22000123002044
:1093C8004832137047340A3A137053709370D3704D
:1093D800137153719371D371137223702B7070BD15
:1093E80070B504000120002C23D025003D352B78D2
:1093F800DAB2002B05D123003C3320001A70FFF7A6
:10940800CFFE02232B702068211DFFF77BFF22006F
:10941800012300204832137047340A3A13705370FE
:109428009370D370137153719371D3711372237046
:109438002B7070BD102270B5056A036A164C9343F1
:1094480003624268836923400C6824021C4320237A
:109458009D438B681B012B43104DA8420FD18025DB
:10946800AB431E00CB68403D1B013343AB430C4D5F
:109478008E6915404A69324392002A4305E0094D36
:10948800A842F4D0084DA842F1D042604A688461ED
:109498008263036270BDC046FF8CFFFE002C014052
:1094A800FFF3FFFF0044014000480140F8B5070002
:1094B8003C3715003A7803000C000220012A0CD032
:1094C800013838700C2D51D008D8042D2DD0082D16
:1094D8003CD0002D17D000233B70F8BD102D58D07C
:1094E800142DF8D11D682800FFF726FE80236A6D29
:1094F8001B0113436B656B6D2E4A13406B65236923
:109508006A6D1B0253E01D682800FFF739FD082328
:10951800AA6913430422AB61AB699343AB61AB699E
:1095280022691343AB610020D5E71D682800FFF7C7
:1095380081FF8023AA691B011343AB61AB691D4AF4
:109548001340AB612369AA691B02EAE71E68300071
:10955800FFF74CFD0422F3691D43F561F36993435A
:10956800F361F36922691343F361DCE71D6828009E
:10957800FFF77EFD8023EA691B011343EB61EB696A
:109588000C4A1340EB612369EA691B021343EB6140
:10959800C9E71D682800FFF79FFD08236A6D13437C
:1095A80004226B656B6D93436B656B6D2269134386
:1095B8006B65B8E7FFFBFFFF30B58468034D0A43CE
:1095C8001B022C4013432343836030BDFF00FFFF81
:1095D800F8B5050002223C352C7803001000012C58
:1095E8001BD01E0001383D36287032701C68414A75
:1095F800A3681340A3600B68602B4ED02DD8402B76
:1096080062D013D8202B0BD008D810221900914310
:1096180006D00123337000232B70F8BD302BF8D10E
:10962800A26835490A401343072228E0502BF0D19D
:109638004A68CB68216A276A1B0187432762F0279B
:10964800A069B84303430A2081430A43A361226205
:10965800294BA2681A40572311E0802252019342F5
:109668000FD08022920193420DD0702BD1D1CB68BC
:109678004A6820008968FFF79FFF7723A268134391
:10968800A3600020C5E7CB684A6820008968FFF717
:1096980093FF8023A268DB01F1E710274B68CA68B3
:1096A800216A206A1203B8432062A069134F1B0184
:1096B80038400243A02081430B43A2612362A26881
:1096C8000D4B1A406723DAE74A68CB68216A276A94
:1096D8001B0187432762F027A069B84303430A2088
:1096E80081430A43A3612262034BA2681A404723BD
:1096F800C5E7C0468800CEFF8FFFCFFFFF0FFFFFF3
:109708001F2310B5012419408C408A40036AA343E3
:109718000362036A1A43026210BD000010B50829EB
:109728001CD006D800290BD0042914D003004333D9
:1097380008E00C2915D01029F8D10300423301E0C4
:1097480003003E331B78013B5A1E9341DBB2002BCA
:109758000AD0012041E003003F33F3E70300403320
:10976800F0E703004133EDE70223082936D005D896
:1097780000290AD004290FD0433004E00C2930D046
:109788001029F9D142300370E3E702003E3213702A
:109798000468E268134305E002003F32137004686E
:1097A800E3680B4301222000E360FFF7A9FF174A93
:1097B800944205D0164B9C4202D0164B9C4217D1BE
:1097C8008023616C1B020B436364944213D1A3682A
:1097D800114A1340062B13D1002010BD020040325D
:1097E800DCE702004132137004681023E268D1E715
:1097F8000A4B9C42EBD00123226813432360EBE71A
:10980800802252029342F6D1E6E7C046002C01407E
:1098180000440140004801400700010000040040E6
:1098280010B5FFF77BFF10BDF0B5040002223C34F1
:10983800257803001000012D1FD01D003D352A702A
:109848001A680E4E53689068B24203D10C4F3B40E1
:109858004F683B437027BB430F683B435360B2429A
:1098680002D0084B9A4204D1802398438B6818434E
:109878009060012300202B702070F0BD002C014067
:10988800FFFF0FFF0004004070477047704700005B
:1098980030B5EFF31084012282F310880168134D6C
:1098A8000B682B400B6084F31088EFF3108182F370
:1098B800108802680E4C93682340936081F31088E7
:1098C800C36E012B0AD1EFF3108183F310881024A3
:1098D80002681368A343136081F3108803002022F1
:1098E8008C331A600023C366436730BDDFFEFFFF79
:1098F800FEFFFFEF30B5EFF31084012282F31088EA
:10990800802501680B68AB430B6084F31088EFF384
:10991800108182F3108840230268106803431360A3
:1099280081F3108830BD030088331B6810B5212BE4
:1099380006D1020056321388002B02D1FFF7DAFF56
:1099480010BD036D01681C7801338C6203651388B0
:10995800013B9BB21380F3E7030088331B6810B503
:10996800212B06D1010056310B88002B02D1FFF7BD
:10997800C1FF10BD026D046813880232DB05DB0DE0
:10998800A36202650B88013B9BB20B80F1E70000E4
:10999800030088331B6870B5212B21D10300010017
:1099A80080246A331B885631002B19D00A88002A74
:1099B80017D1EFF31084013282F310880168114D3A
:1099C8008B682B408B6084F31088EFF3108182F34F
:1099D80010884023026810680343136081F31088DD
:1099E80070BD0568EA69224208D0026D1678013216
:1099F800AE6202650A88013A92B20A80013B9BB2C4
:109A0800D2E7C046FFFF7FFF030088331B6870B5AD
:109A1800212B21D10300010080246A331B88563191
:109A2800002B19D00A88002A17D1EFF310840132CD
:109A380082F310880168124D8B682B408B6084F389
:109A48001088EFF3108182F31088402302681068B1
:109A58000343136081F3108870BD0668F2692242DF
:109A68000AD0056D2A880235D205D20DB262056585
:109A78000A88013A92B20A80013B9BB2D0E7C046FD
:109A8800FFFF7FFF30B5050088352C6803000220F2
:109A9800202C38D10138002935D0002A33D0802035
:109AA8009C684001844205D11869002802D1013020
:109AB800014228D11965190054310A804A801A00D8
:109AC800002190321160212280212A608022586E64
:109AD80092054901904217D1154A8C4204D119695F
:109AE800144A002900D0124A9A67EFF31081012224
:109AF80082F310881A68802390681B0403439360DC
:109B080081F31088002030BD0B4A8C4204D11969BA
:109B18000A4A002900D0084A9A67EFF31081012207
:109B280082F310881A688023106803431360E7E7FC
:109B380099990008119A00082F990008619900085E
:109B48007047806A0023020010B55E321380083A1D
:109B58001380FFF7F5FF10BD70470000F7B50168E7
:109B6800C14DCB6904000A6888682B4210D12025B2
:109B78002B4200D19BE080267605154006403543F0
:109B880000D194E0636F2000002B00D085E085E0D1
:109B9800B64D05400095B64D009E1540354300D1A1
:109BA80085E0250001269035334205D0D70503D539
:109BB8000E622F683E432E60022633420CD0C70740
:109BC8000AD527000E6290373E680197B4460426EE
:109BD80067463E43019F3E60042633420CD0C707C8
:109BE8000AD527000E6290373E680197B4460226D0
:109BF80067463E43019F3E600826B446334209D07B
:109C08002027009E1740374304D066460E622F680F
:109C18003E432E6080263601334206D0570104D5D4
:109C28000E6220212E68314329602968002935D029
:109C380020210B420AD080235B05114003401943C1
:109C480004D0636F002B01D02000984722682B684E
:109C58004027966828223E40134020001E4322D009
:109C6800FFF716FE23689B683B4218D0EFF310817C
:109C7800012383F31088250004CD9368BB439360C8
:109C880081F31088E86F002809D07A4B8363FDF7C9
:109C9800A7FB002802D0E86F836B9847F7BD200028
:109CA800FFF74EFFFAE7FFF74BFF2E60F6E7E56E8A
:109CB800012D00D09FE01026334200D19BE03242B4
:109CC80000D198E00E62896840230A001A401942C0
:109CD80057D0211DCA6F1068426892B2002ADDD0A1
:109CE80027005C373F889742D8D927005E373A80EB
:109CF800026820208446104000906046024232D11B
:109D0800EFF3108785F3108820685B4E02683240B5
:109D1800026087F31088EFF3108785F310882068B6
:109D28008268AA43826087F31088EFF3108785F36F
:109D38001088206882689A43826087F3108823001D
:109D480062468C331A60009BE366EFF3108085F35C
:109D5800108822680F351368AB43136080F31088AE
:109D6800C86FFDF703FB02232200236723005C3240
:109D78005E331B881188C91A89B22000FFF7ECFEF0
:109D88008CE721005E310B8809889BB2002900D13D
:109D980084E721005C310988C91A89B2002900D1F9
:109DA8007CE7EFF3108785F310882068334E03684B
:109DB8003340036087F31088EFF3108785F310882A
:109DC80020682F4E83683340836087F31088230010
:109DD80020208C331860E2666267EFF3108085F309
:109DE8001088102522681368AB43136080F310882D
:109DF80002232367C1E780256D032B4206D0460264
:109E080004D520000D6200F0C5FD47E780210B4214
:109E180007D080252D0411402840014301D0A36FAD
:109E2800B1E640210B4216D00A4214D0EFF310805D
:109E3800012383F31088226813688B43136080F32F
:109E480010882300202288331A6000232000A3678B
:109E5800F9F70CFB22E7190214D5510012D520009E
:109E680000F09AFD1AE7C0460F0800000100001034
:109E7800200100044B9B0008FFFEFFFFDFFEFFFFF1
:109E8800FEFFFFEFDB0100D408E7002A00DB05E74F
:109E9800200000F080FD01E701008C310A68F8B568
:109EA8000368222A5AD1040060345B6A2488826DD0
:109EB800234013700200836D5E320133836513887B
:109EC800013B9BB2138013889CB2002B42D1EFF365
:109ED8001086013383F310880568234F2A683A40B7
:109EE8002A6086F31088EFF3108683F310880568DC
:109EF800AA689A43AA6086F3108820220A6002683A
:109F080004675268446712020AD5EFF3108183F39D
:109F180010880268154C13682340136081F3108879
:109F2800C36E012B17D10022C266EFF3108483F3AE
:109F3800108801680F330A689A430A6084F310880E
:109F48000268D169194200D0136203005C33198892
:109F5800FFF702FEF8BDF9F76DFAFBE708229969E9
:109F68000A439A61F6E7C046DFFEFFFFFFFFFFFBEB
:109F780002008C321168F8B50368222959D104000F
:109F88006034596A2488836D2140198001000233A6
:109F980083655E310B88013B9BB20B800B889CB2BA
:109FA800002B42D1EFF31086013383F31088056844
:109FB800224F29683940296086F31088EFF310860C
:109FC80083F310880568A9689943A96086F3108807
:109FD80020211160026804675268446712020AD59A
:109FE800EFF3108183F310880268154C136823403F
:109FF800136081F31088C36E012B17D10022C2664B
:10A00800EFF3108483F3108801680F330A689A43CA
:10A018000A6084F310880268D169194200D013627B
:10A0280003005C331988FFF797FDF8BDF9F702FACA
:10A03800FBE7082299690A439A61F6E7DFFEFFFF0A
:10A04800FFFFFFFBF0B5036885B0DD691A680400FF
:10A0580003929A68019202008C321268222A00D078
:10A06800C8E0030068331B88002B08D123005E3347
:10A078001B889AB2002B00D09CE005B0F0BD03000D
:10A0880060331B88029320231D42EFD026002368EB
:10A0980002995B6AA26D0B401370A36D5E360133A3
:10A0A800A36533882268013B9BB233800723D569B7
:10A0B8001D422FD0063B1D4208D00399C90505D57E
:10A0C800210013629031086803430B6002231D428C
:10A0D80009D00199C90706D5210013629031086893
:10A0E800DB1803430B6004231D4209D00199C907FB
:10A0F80006D51362220090321168023B0B431360AD
:10A10800270090373B68002B04D02000FFF718FD8C
:10A1180000233B60338899B2002BB4D1EFF310864B
:10A12800013383F310882068354F02683A40026093
:10A1380086F31088EFF3108683F310882068314F78
:10A1480082683A40826086F31088220020208C3290
:10A158001060226821675268616712020AD5EFF31E
:10A16800108183F31088226827481368034013601E
:10A1780081F31088E36E012B18D10022E266EFF319
:10A18800108083F3108821680F330A689A430A60A5
:10A1980080F310882268D169194200D01362230025
:10A1A8005C3320001988FFF7D7FC6CE72000F9F72B
:10A1B80041F968E7230068331B88934200D85CE7BD
:10A1C800EFF31080012282F3108821680F4D8B680D
:10A1D8002B408B6080F310880D4B6367EFF3108181
:10A1E80082F310882023226810680343136081F3E8
:10A1F800108842E7082299690A439A613DE7C046F8
:10A20800FFFEFFFFFEFFFFEFFFFFFFFBFFFFFFEF7C
:10A21800A19E0008F0B5036885B0DD691A680400DE
:10A2280003929A68019202008C321268222A00D0A6
:10A23800C6E0030068331B88002B08D123005E3377
:10A248001B889AB2002B00D09AE005B0F0BD03003D
:10A2580060331B88029320231D42EFD02600236819
:10A268000298596AA26D014011800232A2655E36D9
:10A278003288013A92B232800722DD6915422FD026
:10A28800063A154208D00399C90505D521001A6276
:10A298009031086802430A600222154209D00199E8
:10A2A800C90706D521001A6290310868921802433E
:10A2B8000A600422154209D00199C90706D51A6215
:10A2C80022000223903211680B4313602700903755
:10A2D8003B68002B04D02000FFF732FC00233B60D2
:10A2E800338899B2002BB6D1EFF31086013383F38C
:10A2F80010882068354F02683A40026086F310885B
:10A30800EFF3108683F310882068314F82683A4053
:10A31800826086F31088220020208C321060226828
:10A3280021675268616712020AD5EFF3108183F33F
:10A3380010882268274813680340136081F3108847
:10A34800E36E012B18D10022E266EFF3108083F34D
:10A35800108821680F330A689A430A6080F31088CE
:10A368002268D169194200D0136223005C332000AF
:10A378001988FFF7F1FB6EE72000F9F75BF86AE749
:10A38800230068331B88934200D85EE7EFF3108000
:10A39800012282F3108821680F4D8B682B408B6057
:10A3A80080F310880D4B6367EFF3108182F31088F8
:10A3B8002023226810680343136081F3108844E760
:10A3C800082299690A439A613FE7C046FFFEFFFFEA
:10A3D800FEFFFFEFFFFFFFFBFFFFFFEF799F000886
:10A3E80070B504002569A168036829436569C269D5
:10A3F80029431868494D1143284001431960596899
:10A408004748256A0140E06801435960A169986896
:10A418002943444D284001430F209960D96A81435C
:10A42800606A0143D96240498B4215D103213F4BF1
:10A438005B6D0B40013B022B60D83D49C85C802313
:10A448001B029A422FD1082856D8F5F755FE5B55BE
:10A458000E550B5555550F0036495B18591E8B4143
:10A468001801ECE7FEF7E0FB4EE0334A616A334B34
:10A4780049001000C95AF5F749FE656840006B08A5
:10A48800C0182900F5F742FE02002D4B103A9A42F7
:10A4980032D80F23020000079A4393B2400F226874
:10A4A8000343D36032E0082826D8F5F725FE1A259D
:10A4B80005251F25252522001F48626A1F4B5200CB
:10A4C800D15AF5F723FE65686B08C0182900F5F71F
:10A4D8001DFE02001A4B103A9A420DD82368D86024
:10A4E80014E0FEF78FFC002810D0E6E7FEF79CFB8F
:10A4F800F9E780200002E0E7012008E080231B0242
:10A508009A42EED1FEF77EFC021EAFD100200D4B21
:10A51800A36600236367A36770BDC046F369FFCFD6
:10A52800FFCFFFFFFFF4FF11003801400010024089
:10A5380010B3000800BCFFBF0024F40014B30008E7
:10A54800EFFF000001000100836A30B51A0706D545
:10A558000168284C4A682240846B22434A60DA0723
:10A5680006D50168244C4A682240C46A22434A60DE
:10A578009A0706D50168214C4A682240046B224399
:10A588004A605A0706D501681D4C4A682240446B48
:10A5980022434A60DA0606D501681A4C8A682240C6
:10A5A800C46B22438A609A0606D50168164C8A68ED
:10A5B8002240046C22438A605A0610D50168134D64
:10A5C8004A68446C2A4022434A60802252039442DB
:10A5D80005D14A680E4C2240846C22434A601B060F
:10A5E80006D502680B4953680B40C16C0B43536096
:10A5F80030BDC046FF7FFFFFFFFFFDFFFFFFFEFFEF
:10A60800FFFFFBFFFFEFFFFFFFDFFFFFFFFFEFFF96
:10A61800FFFF9FFFFFFFF7FFF7B504000D001700CE
:10A6280000932268D3692B405B1B59424B41BB42C4
:10A6380001D0002026E0089B0133F3D0FCF740FE50
:10A64800009BC01A089B98422DD8002B2BD023685A
:10A658001A685207E5D52A004021403A8A43E0D0DB
:10A66800DA69082611003140019132420BD02000EE
:10A678001E62FFF70DF9230090331E6000230120AE
:10A6880084342370FEBD8022D96912011142C8D0DA
:10A698001A622000FFF7FCF82300202290331A608A
:10A6A800019B843423700320ECE70000030073B59A
:10A6B8000026040090331E60FCF702FE23680500A4
:10A6C8001B681B071FD58021284B32000093890384
:10A6D80003002000FFF7A0FFB04214D0EFF3108171
:10A6E800012383F310888020226813688343136052
:10A6F80081F310882300202288331A600320002366
:10A708008434237076BD260023688C361B685B076B
:10A7180023D58021154B0022009320002B00C9036C
:10A72800FFF77AFF002818D0EFF31080012282F398
:10A73800108821680E4D0B682B400B6080F3108841
:10A74800EFF3108082F3108821688B6893438B6045
:10A7580080F3108820233360D0E7230020220020D4
:10A7680088331A603260E0662067C8E7FFFFFF01A0
:10A77800DFFEFFFF03005C3370B5816580241A801B
:10A788005A800023816843676401A1423CD1036970
:10A7980059424B411B02FF33010060310B8003001B
:10A7A8000021903319602231043B1960EFF31084C3
:10A7B800012383F3108801688D682B438B6084F331
:10A7C800108880258021466E84680369AD0549019B
:10A7D800AE423FD1050068352D8895423AD88C4263
:10A7E80033D1002B22D12C4B4367EFF31081012387
:10A7F80083F31088802302685B05906803439360A5
:10A8080081F31088002070BD002905D10169FF235C
:10A818000029C1D0803BBFE780246405A142BBD199
:10A8280001697F230029B7D0403BB5E71B4B43673D
:10A83800EFF31081012383F310880268FF33146853
:10A848002343136081F31088CFE7144A4267002B33
:10A85800CBD0EDE78C421AD1002B0AD1104B4367BD
:10A86800EFF31081012383F3108802681F33106807
:10A878000AE00C4B4367EFF31081012383F3108840
:10A88800026820331068FF3303431360B8E7054AB2
:10A898004267002BE4D0EEE71DA200084DA0000897
:10A8A800799F0008A19E000803008C3370B51C68CE
:10A8B8000223202C25D1013B002922D0002A20D0B8
:10A8C800802384685B019C4205D10369002B02D177
:10A8D8000133194215D10023C36603685B681B0264
:10A8E8000CD5EFF31085012383F3108880230468C7
:10A8F800DB0426683343236085F31088FFF73AFFAB
:10A908000023180070BD0000F7B504000E001D00FC
:10A918000192002801D10120FEBD070088373B685D
:10A92800002B04D1020084321370FCF721FC24238D
:10A93800012122683B6013688B431360A36A002BD4
:10A9480002D02000FFF700FE2000FFF749FD012894
:10A95800E1D080222368D20199682D040A439A60C5
:10A968009A680A4920000A4032439A60019A5105C0
:10A978000D431A6806490A40154301221D601968EB
:10A988000A431A60FFF792FEC6E7C046FF7FFFFF43
:10A99800FFFF00FC7047704770470300821893421E
:10A9A80000D1704719700133F9E70000014B1868AE
:10A9B8007047C0460C00002070B500260C4C0D4DA9
:10A9C800641BA410A64209D1002600F0EFFB0A4C34
:10A9D8000A4D641BA410A64205D170BDB300EB5804
:10A9E80098470136EEE7B300EB5898470136F2E78F
:10A9F80040B3000840B3000844B3000840B300085F
:10AA0800002310B59A4200D110BDCC5CC454013368
:10AA1800F8E70000F8B504000D0000F065F9220021
:10AA280006000F002B0020002900F8F72BFA002859
:10AA380015D10022002320002900F5F7FDFC00288D
:10AA48000DD00022002320002900F5F7E5FC00289E
:10AA580008D0FFF7ABFF22230026074F0360300022
:10AA68003900F8BDFFF7A2FF21230360034800F077
:10AA78002FF806000F00F2E70000F0FF2CB30008E3
:10AA8800F8B504000D0000F029F8220006000F00B8
:10AA98002B0020002900F8F7F5F9002807D100223B
:10AAA800002320002900F5F7BDFC002802D1300062
:10AAB8003900F8BDFFF77AFF212300220360002345
:10AAC80010001900F6F79CFE06000F00EFE7C046DD
:10AAD800002001497047C0460000F87FF0B54546A0
:10AAE800DE4657464E460B00E0B50D007949040096
:10AAF8000200080083B02840884200D1CEE0002D33
:10AB080000DC86E02C1500D196E073491B03601821
:10AB180080211B0B49031943E40703D4D30F4900D1
:10AB280059185200431098465000D30F002249008C
:10AB3800924680225B18002716219203BC189C427B
:10AB480002DCA7181B1B9244C40F5B0001391B19B8
:10AB5800400052080029F1D10022934680220026A5
:10AB6800202412060AE0BB4276D05B00C10FC91848
:10AB7800013C0B0040005208002C1AD09119BB422E
:10AB8800F1DDB9468E18002903DAF543ED0FA94621
:10AB9800B944DB1B814200D9013B4F465B00401A98
:10ABA800C10FC918013C93440B0040005208002C07
:10ABB800E4D101435DD0494F494B386879689946DB
:10ABC8001A685B683D687E68F7F724FD02000B0091
:10ABD80028003100F5F730FC00284AD03868796839
:10ABE8004B465D461A685B68013567D03C687D68EE
:10ABF800F6F7ECF902000B0020002900F5F712FC2B
:10AC08005D4600285ED002356B426B416C089A4461
:10AC180031E06E00760820002900264337D0002D49
:10AC280045D1D10A153B52050029FAD080204003AE
:10AC38001C000B00014248D1802500216D035B00F8
:10AC4800080001312B42FAD0202516006D1AEE407B
:10AC58008A403343241A58E77B00814200D985E7AC
:10AC680000238E1800299ADAF543ED0FA9464F44C0
:10AC780095E75B465C081B4A5346944642465B1080
:10AC880063441205D1185346DE072643300003B04B
:10AC9800F0BCBB46B246A946A046F0BD200029003C
:10ACA800F7F7F0F922002B00F6F790F9EFE7F7F73E
:10ACB800B1FC02000B00F6F7A3FDE8E701239C4670
:10ACC800E244D8E701356C08D5E701204042241A50
:10ACD8001BE7C0460000F07F01FCFFFF38B3000807
:10ACE80030B300080000E03FF0B5CE46474680226A
:10ACF80080B504000D000B0083B0520391421CDAAA
:10AD08004A005208024353D0002958DB0022304B36
:10AD1800F7F7B8F90D000B0036212E4A0400494216
:10AD280093420EDD22002B0020002900F6F74EF991
:10AD380003B0C0BCB946B046F0BD264A00219342D4
:10AD4800F0DC254A1815944660444018C20F914615
:10AD58001B031B0B48449846F8F7F2F84A461F4B6A
:10AD680006009B1A42461B051A4315001C4B1D4A38
:10AD78000F00F7F787F9009001912000290000F0F3
:10AD88003DF8194A194BF7F77DF9009A019BF6F738
:10AD98001DF9174A04000D0030003900154BF7F76C
:10ADA80071F902000B0020002900F6F70FF9BFE740
:10ADB8000022002300201049F6F722FDB8E7020020
:10ADC800F7F728FC00220023F6F71AFDB0E7C04683
:10ADD80000005043FFFFEF7F01FCFFFFFF0300006F
:10ADE800F3FE593D362BF1110EE526157BCBDB3FE3
:10ADF80000609F501344D33F000050C3F0B5D646BF
:10AE08004F4646468022C0B50B0086B05203914299
:10AE18007BDA4A005208024300D113E1002900DA24
:10AE280067E10022C44BF7F72DF93624C34A0B001B
:10AE3800644293426DDCC24D1A15AC461B03624452
:10AE48001B0B984612198024BE4B640343442340CD
:10AE5800BD4C45465C401B1599462543BA4B290015
:10AE680091440022F7F7D6FB434602331B03060042
:10AE78000F0000221B0B022B55DC0023F5F7CCFA40
:10AE8800002800D0E5E0B14AB14B30003900F7F7AF
:10AE9800F9F802000B000020AE49F7F7BBFB3200BF
:10AEA80004000D003B0030003900F7F7EBF80B0009
:10AEB800020029002000F7F7E5F84B4604000D00D2
:10AEC800002B00D10EE14846F8F73AF8A24AA34B06
:10AED80000900191F7F7D6F8A14A029003910098E3
:10AEE8000199A04BF7F7CEF802000B0020002900CB
:10AEF800F7F790FB32003B00F7F78CFB02000B00E2
:10AF080002980399F7F786FB07E08C4A00249342DE
:10AF180091DD02000B00F6F759F806B0E0BCBA461E
:10AF2800B146A846F0BD8023DB05F6F74FF80200CE
:10AF38000B0030003900F6F763FC040048460D00AA
:10AF4800F7F7FEFF22002B0004900591200029004E
:10AF580002940395F7F796F8834B020043449A4608
:10AF68000B0000900191F7F78DF804000D007F4A5F
:10AF78007F4BF7F787F87F4A7F4BF6F727F82200D1
:10AF88002B00F7F77FF87D4A7D4BF6F71FF8220074
:10AF98002B00F7F777F87B4A7B4BF6F717F8009A00
:10AFA800019BF7F76FF8794A00900191784B2000E0
:10AFB8002900F7F767F8774A774BF6F707F8220082
:10AFC8002B00F7F75FF8754A754BF5F7FFFF22007E
:10AFD8002B00F7F757F80B00020000980199F5F7D6
:10AFE800F5FF0D0041466F4B04005B1A51460B43B9
:10AFF800002B49DD0022574B30003900F7F742F8A3
:10B0080032003B00F7F73EF802000B000090019178
:10B0180020002900F5F7DAFF029A039BF7F732F8C8
:10B028004B4604000D00002B6BD102000B0000986A
:10B038000199F7F7EFFA02000B0030003900F7F733
:10B04800E9FA6AE70022002300205749F6F7D8FBFF
:10B0580063E74B46002B6BD04846F7F771FF3E4A33
:10B068003E4B04000D00F7F70DF83D4A06000F00AF
:10B07800200029003B4BF7F705F802000B003000D1
:10B088003900F5F7A3FF48E722002B00300039000C
:10B09800F7F7C0FA029A039BF6F7F4FF4B46040051
:10B0A8000D00002B1ED0049805992B4A2B4BF6F760
:10B0B800E9FF2B4A0090019104980599294BF6F76E
:10B0C800E1FF02000B0020002900F7F7A3FA320085
:10B0D8003B00F7F79FFA02000B0000980199F7F779
:10B0E80099FA1AE722002B0030003900F7F792FA94
:10B0F80013E70200F7F78EFA00220023F6F780FB29
:10B108000BE7154A154B04980599F6F7BBFF144A47
:10B118000290039104980599124BF6F7B3FF2200A9
:10B128002B00F5F753FF02000B0000980199DFE6AA
:10B1380000200021F1E6C04600005043FFFFEF7FEA
:10B1480001FCFFFF645F09000000F03F55555555AD
:10B158005555D53F0000E03F0000E0FE422EE63F97
:10B16800763C7935EF39EA3D86EBF9FF44523EDF0C
:10B1780012F1C23FDE03CB966446C73F599322942F
:10B188002449D23F935555555555E53F9FC678D02C
:10B19800099AC33FAF788E1DC571CC3F04FA9799C1
:10B1A8009999D93F51B80600000050C3F8B5C04678
:10B1B800F8BC08BC9E467047F8B5C046F8BC08BC49
:10B1C8009E4670470000000001B40248844601BC56
:08B1D800604700BF5D0000208C
:10B1E000AA060008D6050008C00500083C060008AD
:10B1F000C005000870060008C00500083C060008ED
:10B20000D6050008D6050008700600083C060008B0
:10B21000AC050008AC050008AC0500087A0600087B
:10B22000D6050008D6050008C00500081607000866
:10B23000C005000870060008C005000816070008D1
:10B24000D6050008D6050008700600081607000895
:10B25000AC050008AC050008AC050008941A00080D
:10B2600048190008C0180008EA180008C0180008AB
:10B270002C1A0008C0180008EA180008481900082D
:10B28000481900082C1A0008EA180008E2180008FB
:10B29000E2180008E21800084E1A00080001030432
:10B2A0000506070C0D0F12131415161718191A1B83
:10B2B000000000000000000000000000000000008E
:10B2C0000100000002000000030000000400000074
:10B2D000000000000000000000000000000000006E
:10B2E000000000000000000000000000000000005E
:10B2F0000100000002000000030000000400000044
:10B30000060000000700000008000000090000001F
:10B3100004020800010002000400060008000A0000
:10B320000C00100020004000800000010000000020
:10B3300059F3F8C21F6EA501000000000000F03FA5
:04B34000E100000820
:04B34400B900000844
:10B348000024F400010000000400000010000020A8
:10B3580000000000FC06002064070020CC07002045
:10B3680000000000000000000000000000000000D5
:10B3780000000000000000000000000000000000C5
:10B3880000000000000000000000000000000000B5
:10B3980000000000000000000000000080220C4BAC
:10B3A80030B55C69D20222435A61EFF3108272B65B
:10B3B8004C1CFF34401A0D6845500431A142FAD1A3
:10B3C8008021490218690842FCD182F3108830BDF7
:04B3D800002002400F
:04000005080071E599
:00000001FF
